CUSTOMER_ID,ORDER_DATE,SHIP_MODE,CATEGORY,REGION,SEGMENT,NET_SALES,PROFIT,NET_SALES_SCALED,PROFIT_SCALED,CLUSTER
AA-10315,2019-03-31,STANDARD CLASS,OFFICE SUPPLIES,WEST,CONSUMER,204.7,28.8658,-0.8027807914623415,-0.29187098934009487,0
AA-10375,2019-04-21,STANDARD CLASS,OFFICE SUPPLIES,WEST,CONSUMER,1171.1996,91.38990000000001,-1.6745061637649707,-0.5756914874847302,0
AA-10480,2019-05-04,SAME DAY,FURNITURE,EAST,CONSUMER,357.4148,63.0594,-0.7590407102984132,-0.14201548305416628,0
AA-10645,2019-12-01,FIRST CLASS,FURNITURE,EAST,CONSUMER,291.24,38.4204,-0.7779942833837115,-0.2499973808180459,0
AB-10015,2019-02-18,STANDARD CLASS,OFFICE SUPPLIES,CENTRAL,CONSUMER,59.168000000000006,2.9553000000000003,-0.5573268294572991,-0.26596628156258517,0
AB-10060,2020-09-17,STANDARD CLASS,OFFICE SUPPLIES,WEST,HOME OFFICE,1200.9751999999999,124.9771,-1.3788411635851514,-0.2890345349494796,2
AB-10105,2021-02-01,STANDARD CLASS,OFFICE SUPPLIES,EAST,CONSUMER,2032.1056,102.5352,-0.8536547025311833,-0.24792847928513229,0
AB-10150,2019-03-05,SECOND CLASS,OFFICE SUPPLIES,EAST,CONSUMER,645.6247999999999,97.9832,-0.9636292990697745,-0.12841886207989323,0
AB-10165,2019-11-16,STANDARD CLASS,FURNITURE,CENTRAL,CONSUMER,1846.8852,71.6683,-1.4809784704091369,-0.6621225843206461,0
AB-10255,2019-07-22,STANDARD CLASS,OFFICE SUPPLIES,WEST,HOME OFFICE,461.3124,58.725,-1.877829769238924,-0.7188473741792938,2
AB-10600,2020-02-18,STANDARD CLASS,OFFICE SUPPLIES,WEST,CORPORATE,55.0608,5.5032,-0.5585032004531455,-0.25479995673963823,1
AC-10420,2021-02-22,STANDARD CLASS,OFFICE SUPPLIES,EAST,CORPORATE,138.1824,21.591,-0.24755901076601636,-0.04483517603478792,1
AC-10450,2020-11-07,STANDARD CLASS,OFFICE SUPPLIES,EAST,CONSUMER,80.316,13.869,-0.5512696874091496,-0.218136335638414,0
AC-10615,2022-02-23,STANDARD CLASS,TECHNOLOGY,WEST,CORPORATE,346.1988,32.971000000000004,-0.7622531608947839,-0.27387970370754977,1
AC-10660,2021-06-27,SECOND CLASS,TECHNOLOGY,WEST,CONSUMER,537.8144,28.745,-0.4202344691567779,-0.15294137191685575,0
AD-10180,2020-06-13,STANDARD CLASS,FURNITURE,EAST,HOME OFFICE,291.5856,9.5964,-0.49075852901801365,-0.23686126182803013,2
AF-10870,2021-04-23,STANDARD CLASS,OFFICE SUPPLIES,WEST,CONSUMER,178.6816,18.8193,-0.8102328977922816,-0.3359003791645527,0
AF-10885,2019-05-10,SECOND CLASS,OFFICE SUPPLIES,EAST,CONSUMER,768.8624,26.306600000000003,-0.64119521386517,-0.3030868370919241,0
AG-10270,2019-05-13,SECOND CLASS,OFFICE SUPPLIES,WEST,CONSUMER,561.0527999999999,36.4452,-0.9878521389267874,-0.3981128441649463,0
AG-10300,2019-04-26,STANDARD CLASS,OFFICE SUPPLIES,WEST,CORPORATE,294.0424,34.5916,-0.7771916290014658,-0.26677732684500893,1
AG-10330,2021-08-03,SECOND CLASS,OFFICE SUPPLIES,CENTRAL,CONSUMER,746.2264000000001,83.5634,-0.9348153128076635,-0.19161450189383014,0
AG-10390,2019-04-19,SECOND CLASS,OFFICE SUPPLIES,SOUTH,CONSUMER,325.19,42.0582,-0.7682704337272581,-0.23405450376599665,0
AG-10495,2020-06-07,STANDARD CLASS,OFFICE SUPPLIES,SOUTH,CORPORATE,126.0736,15.0872,-0.825300711716485,-0.35225653163196513,1
AG-10525,2019-08-09,STANDARD CLASS,TECHNOLOGY,SOUTH,CORPORATE,733.9544,46.1324,-0.6511934507961707,-0.21619907749587214,1
AG-10675,2020-05-06,STANDARD CLASS,OFFICE SUPPLIES,CENTRAL,CONSUMER,368.3452,38.5373,-0.7559100603342042,-0.24948505954491804,0
AG-10765,2020-11-08,SAME DAY,OFFICE SUPPLIES,CENTRAL,HOME OFFICE,32.22,5.1552,-0.27790842009847544,-0.11686605696613954,2
AG-10900,2020-09-04,STANDARD CLASS,OFFICE SUPPLIES,WEST,CONSUMER,1932.6396,105.9847,-0.5950066651719677,-0.0933518076151145,0
AH-10030,2019-10-25,FIRST CLASS,OFFICE SUPPLIES,WEST,CORPORATE,972.308,70.37809999999999,-0.870061749081877,-0.24939987129137392,1
AH-10075,2021-06-26,SAME DAY,OFFICE SUPPLIES,WEST,CORPORATE,219.6528,19.449,-0.7984980586451685,-0.333140681083384,1
AH-10120,2021-06-30,SECOND CLASS,TECHNOLOGY,CENTRAL,HOME OFFICE,869.6320000000001,9.1895,-0.32519634085736066,-0.238644525523802,2
AH-10210,2020-11-09,STANDARD CLASS,TECHNOLOGY,WEST,CONSUMER,1055.4736000000003,67.5284,-0.8462417257832393,-0.2618888527458862,0
AH-10465,2020-01-17,STANDARD CLASS,OFFICE SUPPLIES,SOUTH,CONSUMER,773.0647999999999,20.974,-0.9271283447187162,-0.4659163076449794,0
AH-10585,2021-09-15,STANDARD CLASS,OFFICE SUPPLIES,WEST,CONSUMER,393.9664,42.370999999999995,-0.7485717187489928,-0.2326836389735724,0
AH-10690,2019-04-02,STANDARD CLASS,FURNITURE,SOUTH,CORPORATE,2889.4936000000002,211.256,-1.1823579304340113,-0.05037110290926167,1
AI-10855,2019-05-10,STANDARD CLASS,TECHNOLOGY,WEST,CONSUMER,1844.7776000000001,96.36760000000001,-0.9073085849595814,-0.2749583568227151,0
AJ-10780,2019-01-10,STANDARD CLASS,FURNITURE,SOUTH,CORPORATE,443.65999999999997,63.6168,-0.7343386378863143,-0.139572644066643,1
AJ-10795,2019-05-14,STANDARD CLASS,FURNITURE,SOUTH,CORPORATE,2314.5736,126.79480000000001,-1.059887896449153,-0.28106835549554865,1
AJ-10945,2019-03-03,SECOND CLASS,OFFICE SUPPLIES,SOUTH,CONSUMER,947.2991999999999,62.515600000000006,-0.8772246890314591,-0.28385774990529916,0
AJ-10960,2019-12-30,STANDARD CLASS,OFFICE SUPPLIES,EAST,CONSUMER,241.0688,15.616299999999999,-0.5052273881733931,-0.2104786884139801,0
AM-10360,2019-10-06,SECOND CLASS,OFFICE SUPPLIES,CENTRAL,CORPORATE,122.0736,17.0934,-0.826446378833593,-0.3434642396033156,1
AM-10705,2019-10-31,SECOND CLASS,OFFICE SUPPLIES,EAST,CONSUMER,1955.4572,98.606,-0.8756080903959169,-0.2651484343439348,0
AO-10810,2021-08-16,FIRST CLASS,FURNITURE,WEST,CORPORATE,258.048,12.096,-0.21322749166791355,-0.08644758397618316,1
AP-10720,2020-11-21,STANDARD CLASS,TECHNOLOGY,CENTRAL,HOME OFFICE,1201.098,49.5705,-1.378805991604656,-0.6195084897334304,2
AP-10915,2019-10-24,SAME DAY,OFFICE SUPPLIES,SOUTH,CONSUMER,1315.1036,123.12519999999999,-1.6332896435598963,-0.4366096286387524,0
AR-10345,2020-09-09,STANDARD CLASS,FURNITURE,CENTRAL,CORPORATE,564.6402,21.385199999999998,-0.6996878786460292,-0.3246551682602003,1
AR-10405,2019-10-03,SECOND CLASS,FURNITURE,WEST,CORPORATE,571.8448000000001,79.5544,-0.6976243603180503,-0.06972515456619219,1
AR-10510,2019-05-02,SAME DAY,OFFICE SUPPLIES,EAST,CONSUMER,1063.926,56.4129,-1.1309575853248583,-0.45006222997448586,0
AR-10540,2019-11-25,SECOND CLASS,FURNITURE,EAST,CONSUMER,302.61199999999997,42.268100000000004,-1.0618739204965535,-0.3725936350862786,0
AR-10570,2021-07-14,STANDARD CLASS,FURNITURE,SOUTH,CONSUMER,51.75,15.525,-0.27231470039919603,-0.07141978546843757,0
AR-10825,2019-06-30,SECOND CLASS,OFFICE SUPPLIES,WEST,CORPORATE,1015.1999999999999,57.0336,-0.8577767605851286,-0.3078829442533485,1
AS-10045,2019-07-27,STANDARD CLASS,OFFICE SUPPLIES,EAST,CORPORATE,786.38,40.0822,-0.34904111056572784,-0.10325541179961661,1
AS-10090,2020-11-08,STANDARD CLASS,OFFICE SUPPLIES,CENTRAL,CONSUMER,993.5252,57.5284,-1.4382583244461609,-0.5846325148880561,0
AS-10135,2022-11-19,FIRST CLASS,OFFICE SUPPLIES,EAST,HOME OFFICE,198.144,13.932,-0.23038500241372178,-0.07840120367282333,2
AS-10225,2020-05-03,SECOND CLASS,FURNITURE,EAST,CORPORATE,195.07999999999998,40.764,-0.805536120878986,-0.2397264130190513,1
AS-10240,2021-04-07,STANDARD CLASS,OFFICE SUPPLIES,EAST,CONSUMER,342.29560000000004,23.1652,-0.7633711028676577,-0.3168542113212131,0
AS-10285,2021-05-21,STANDARD CLASS,OFFICE SUPPLIES,CENTRAL,CORPORATE,1994.9968,107.2756,-0.5771465167832373,-0.08769436081031755,1
AS-10630,2021-09-22,STANDARD CLASS,FURNITURE,SOUTH,HOME OFFICE,116.05760000000001,15.8136,-0.5410326934509434,-0.2096140093105744,2
AT-10435,2019-12-27,SECOND CLASS,OFFICE SUPPLIES,WEST,HOME OFFICE,144.352,11.676400000000001,-0.8200654712581485,-0.3672045675462896,2
AT-10735,2019-08-30,STANDARD CLASS,OFFICE SUPPLIES,EAST,CONSUMER,3085.1096000000002,163.35,-1.4134669944657452,-0.39978105669056296,0
AW-10840,2022-09-02,STANDARD CLASS,OFFICE SUPPLIES,WEST,CONSUMER,867.408,60.316,-0.3258333317744726,-0.014579567691706895,0
AW-10930,2019-07-14,STANDARD CLASS,TECHNOLOGY,CENTRAL,HOME OFFICE,672.9799999999999,37.01,-0.9557943107892969,-0.39563757423284523,2
AY-10555,2019-04-06,STANDARD CLASS,FURNITURE,WEST,CORPORATE,689.4944,31.5072,-0.6639275408028253,-0.28029489514984723,1
AZ-10750,2020-04-21,STANDARD CLASS,TECHNOLOGY,WEST,CONSUMER,711.8676,32.85,-0.6575194809167056,-0.2744099934769978,0
BB-10990,2019-07-27,SECOND CLASS,OFFICE SUPPLIES,WEST,CORPORATE,670.7103999999999,4.3254,-0.6693075935847642,-0.3994207666802755,1
BB-11545,2020-06-04,STANDARD CLASS,OFFICE SUPPLIES,CENTRAL,CORPORATE,2123.0784,93.289,-1.114735334880154,-0.42790953695977196,1
BC-11125,2019-07-06,STANDARD CLASS,FURNITURE,WEST,HOME OFFICE,1291.2980000000002,72.78699999999999,-0.778697660660313,-0.2388427223192805,2
BD-11320,2020-08-09,STANDARD CLASS,OFFICE SUPPLIES,CENTRAL,CONSUMER,2367.7496,152.1411,-1.3317941665211,-0.30944570366911267,0
BD-11500,2020-09-15,STANDARD CLASS,OFFICE SUPPLIES,SOUTH,CONSUMER,901.76,70.9792,-0.31599434257274983,0.03215254693290455,0
BD-11560,2020-05-29,STANDARD CLASS,TECHNOLOGY,SOUTH,HOME OFFICE,699.2,57.4832,-0.3740109253830949,-0.026994483880899575,2
BD-11605,2019-01-13,STANDARD CLASS,OFFICE SUPPLIES,WEST,CONSUMER,1133.2822,105.5895,-1.6853663433515278,-0.5134608873999872,0
BD-11620,2021-10-01,FIRST CLASS,FURNITURE,WEST,CONSUMER,2402.1948,69.9213,-0.4605181770952093,-0.25140182473504213,0
BD-11635,2019-10-05,SECOND CLASS,OFFICE SUPPLIES,EAST,CONSUMER,697.0400000000001,50.2932,-0.6617663543531129,-0.19796412152298565,0
BD-11725,2021-02-24,SECOND CLASS,OFFICE SUPPLIES,EAST,CONSUMER,610.51,36.1554,-0.9736867669907299,-0.3993829100755747,0
BD-11770,2021-03-10,STANDARD CLASS,TECHNOLOGY,EAST,CONSUMER,515.2256000000001,63.8335,-1.0009778179540691,-0.27808197397839396,0
BE-11335,2021-01-14,FIRST CLASS,OFFICE SUPPLIES,EAST,HOME OFFICE,663.46,88.12219999999999,-0.3842474610744542,0.10728277435147625,2
BE-11410,2021-02-06,FIRST CLASS,OFFICE SUPPLIES,EAST,CONSUMER,293.0432,32.7792,-0.49034104792053945,-0.13526124804985457,0
BE-11455,2020-09-13,SECOND CLASS,OFFICE SUPPLIES,CENTRAL,HOME OFFICE,587.1088,70.4204,-0.9803892633259463,-0.24921448900007104,2
BF-10975,2019-07-14,SECOND CLASS,OFFICE SUPPLIES,EAST,CORPORATE,355.228,26.4855,-1.0468038152381158,-0.4417618277746266,1
BF-11005,2019-09-25,STANDARD CLASS,OFFICE SUPPLIES,WEST,HOME OFFICE,614.1248,23.9083,-0.39837789016343983,-0.17413850024651834,2
BF-11020,2019-02-15,STANDARD CLASS,OFFICE SUPPLIES,WEST,CORPORATE,459.1168,36.2756,-1.591321857192725,-0.6777741877155321,1
BF-11080,2019-11-28,STANDARD CLASS,OFFICE SUPPLIES,SOUTH,CONSUMER,551.47,54.6918,-0.703460044912463,-0.1786869927635311,0
BF-11170,2019-04-13,STANDARD CLASS,OFFICE SUPPLIES,EAST,HOME OFFICE,309.7908,26.5029,-1.6340913291750394,-0.7206036325906109,2
BF-11215,2019-11-09,STANDARD CLASS,FURNITURE,EAST,HOME OFFICE,915.1856,48.812,-0.5992857941876686,-0.20445556951064173,2
BF-11275,2022-07-10,STANDARD CLASS,OFFICE SUPPLIES,SOUTH,CORPORATE,703.9316,37.9998,-0.372655715750268,-0.112381654906216,1
BG-11035,2019-11-05,SAME DAY,FURNITURE,SOUTH,CONSUMER,1004.476,63.3664,-0.8608482941260951,-0.2801290677908663,0
BG-11695,2019-05-11,STANDARD CLASS,OFFICE SUPPLIES,EAST,CORPORATE,246.36719999999997,29.5669,-1.0779833749636314,-0.4282574071500226,1
BG-11740,2019-03-23,FIRST CLASS,OFFICE SUPPLIES,SOUTH,CONSUMER,272.4976,23.572899999999997,-0.7833624212276324,-0.31506744157737876,0
BH-11710,2019-06-09,STANDARD CLASS,FURNITURE,WEST,CONSUMER,686.0127,34.689099999999996,-0.9520615268300138,-0.4058090579180674,0
BK-11260,2019-08-03,STANDARD CLASS,OFFICE SUPPLIES,EAST,CONSUMER,1521.04,69.9414,-1.0000324656824409,-0.39077276595814414,0
BM-11140,2021-09-02,SECOND CLASS,FURNITURE,WEST,CONSUMER,1067.1624,0.9590999999999998,-0.26862031988006707,-0.2747147479904538,0
BM-11575,2020-09-14,SECOND CLASS,FURNITURE,EAST,CORPORATE,614.6872,43.3296,-0.6853535780935542,-0.2284825168827223,1
BM-11650,2019-07-09,STANDARD CLASS,OFFICE SUPPLIES,CENTRAL,CORPORATE,529.4092,87.3229,-1.571188934377076,-0.45405632864162115,1
BM-11785,2019-06-06,FIRST CLASS,OFFICE SUPPLIES,EAST,CONSUMER,847.7216000000001,30.2965,-1.4800189219651498,-0.7039779526783964,0
BN-11470,2020-04-15,STANDARD CLASS,OFFICE SUPPLIES,EAST,CORPORATE,119.62880000000001,9.0488,-0.5400098418487895,-0.23926115172678825,1
BN-11515,2019-03-17,STANDARD CLASS,OFFICE SUPPLIES,CENTRAL,CONSUMER,963.57,72.50880000000001,-0.5854276901724194,-0.10060291985233161,0
BO-11350,2021-04-28,STANDARD CLASS,FURNITURE,WEST,CORPORATE,890.8688,38.416799999999995,-0.6062505337259911,-0.250013158034327,1
BP-11050,2019-10-12,STANDARD CLASS,OFFICE SUPPLIES,CENTRAL,CORPORATE,175.344,22.931599999999996,-0.8111888424347965,-0.3178779773554532,1
BP-11095,2019-10-09,STANDARD CLASS,OFFICE SUPPLIES,SOUTH,CORPORATE,1191.0504,89.6764,-1.9559573302896789,-0.7226600348591965,1
BP-11155,2020-06-03,SECOND CLASS,TECHNOLOGY,WEST,CONSUMER,585.0624,80.4248,-0.9809753866230586,-0.20536960495490048,0
BP-11185,2022-08-27,SAME DAY,OFFICE SUPPLIES,EAST,CORPORATE,957.888,53.8908,-0.874191879039051,-0.3216564540667468,1
BP-11230,2019-04-20,STANDARD CLASS,FURNITURE,WEST,CONSUMER,340.18,52.4278,-0.7639770462058961,-0.18860910878031031,0
BP-11290,2022-11-24,SAME DAY,FURNITURE,WEST,CONSUMER,947.9680000000001,38.794,-0.30275959603591907,-0.10890102569220272,0
BS-11365,2019-05-04,FIRST CLASS,OFFICE SUPPLIES,WEST,CORPORATE,1438.52,53.0346,-0.44939404085481766,-0.18594977132492974,1
BS-11380,2019-11-29,STANDARD CLASS,OFFICE SUPPLIES,CENTRAL,CORPORATE,1047.6936,31.917,-0.8484700483260141,-0.4179579527105204,1
BS-11590,2021-09-17,STANDARD CLASS,OFFICE SUPPLIES,CENTRAL,CORPORATE,167.0,12.358,-0.23930516658752404,-0.08529935323572548,1
BS-11665,2019-06-23,STANDARD CLASS,TECHNOLOGY,EAST,CONSUMER,207.30240000000003,1.0797,-0.22776188298239147,-0.13472718056436558,0
BS-11755,2020-10-02,STANDARD CLASS,FURNITURE,WEST,CONSUMER,1723.9302,89.5461,-0.9419213080515784,-0.3048539903953562,0
BT-11305,2020-11-30,STANDARD CLASS,OFFICE SUPPLIES,WEST,HOME OFFICE,251.2,23.3564,-0.7894624112259618,-0.31601626583428366,2
BT-11395,2020-02-27,FIRST CLASS,OFFICE SUPPLIES,EAST,CORPORATE,231.99360000000001,27.3924,-0.7949634464554671,-0.2983282533591419,1
BT-11440,2019-06-04,STANDARD CLASS,FURNITURE,EAST,CONSUMER,280.91240000000005,54.7258,-0.7809522813133725,-0.17853798572087626,0
BT-11485,2021-03-11,SAME DAY,FURNITURE,EAST,HOME OFFICE,97.0752,9.48,-0.25933280259511104,-0.09791236114044749,2
BT-11530,2019-05-21,STANDARD CLASS,OFFICE SUPPLIES,WEST,HOME OFFICE,1665.1824000000001,141.9571,-0.9587476637171866,-0.0751596341429639,2
BT-11680,2020-07-08,STANDARD CLASS,OFFICE SUPPLIES,EAST,CONSUMER,1243.8619999999999,82.4417,-1.0794208957288758,-0.33598945021408694,0
BV-11245,2020-03-25,STANDARD CLASS,OFFICE SUPPLIES,SOUTH,CORPORATE,667.4648,55.7896,-0.9573739566103653,-0.31333484899048336,1
BW-11065,2019-05-25,STANDARD CLASS,OFFICE SUPPLIES,EAST,CONSUMER,140.00480000000002,18.8401,-0.5341738135542418,-0.19635019123425707,0
BW-11110,2020-03-19,FIRST CLASS,OFFICE SUPPLIES,CENTRAL,CORPORATE,2324.2944,113.2179,-1.0571036962211573,-0.3405699354196696,1
BW-11200,2019-09-30,STANDARD CLASS,OFFICE SUPPLIES,SOUTH,CONSUMER,119.32480000000001,10.199200000000001,-0.5400969125496897,-0.2342194546129619,0
CA-11965,2019-01-26,FIRST CLASS,FURNITURE,CENTRAL,CORPORATE,362.15360000000004,48.611200000000004,-0.47054666973799575,-0.06587655689364927,1
CA-12055,2021-08-08,STANDARD CLASS,OFFICE SUPPLIES,WEST,HOME OFFICE,920.3008,52.3292,-0.3106839463515312,-0.0495821985233378,2
CA-12265,2021-02-06,SAME DAY,TECHNOLOGY,SOUTH,CONSUMER,419.92,25.6812,-0.45400140349956997,-0.16636865948408555,0
CA-12310,2022-12-09,STANDARD CLASS,OFFICE SUPPLIES,EAST,CORPORATE,138.1824,21.591,-0.24755901076601636,-0.04483517603478792,1
CA-12775,2019-09-14,SECOND CLASS,FURNITURE,SOUTH,CONSUMER,514.5072,49.0843,-0.7140468110415221,-0.20326219840137982,0
CB-12025,2021-11-27,FIRST CLASS,OFFICE SUPPLIES,EAST,CONSUMER,1014.13,80.9761,-1.1452199952657347,-0.342412530264525,0
CB-12415,2020-11-04,FIRST CLASS,OFFICE SUPPLIES,EAST,CONSUMER,884.2988,70.077,-0.8952690606926206,-0.25071946013088464,0
CB-12535,2020-01-02,SECOND CLASS,OFFICE SUPPLIES,EAST,CORPORATE,337.468,37.1764,-1.3390273459648547,-0.5343673469165238,1
CC-12100,2020-05-28,FIRST CLASS,OFFICE SUPPLIES,EAST,HOME OFFICE,1291.9344,50.7872,-0.4913786162952014,-0.1957991368444128,2
CC-12145,2019-07-20,FIRST CLASS,OFFICE SUPPLIES,WEST,CONSUMER,449.3628,62.922000000000004,-1.306978797731013,-0.4215357081702378,0
CC-12220,2019-09-09,SECOND CLASS,OFFICE SUPPLIES,CENTRAL,CONSUMER,1116.2896,79.9586,-1.6902333091150696,-0.6257898465053171,0
CC-12370,2021-07-07,SECOND CLASS,FURNITURE,WEST,CONSUMER,1515.2512000000002,37.5924,-0.4274169376807598,-0.2536261405626984,0
CC-12430,2021-09-17,STANDARD CLASS,OFFICE SUPPLIES,WEST,HOME OFFICE,536.5512,79.0198,-0.9948698082859202,-0.21152710186460663,2
CC-12475,2019-05-16,STANDARD CLASS,TECHNOLOGY,WEST,CONSUMER,615.3824,44.5312,-1.2594279986021604,-0.5021344940542412,0
CC-12550,2022-06-15,STANDARD CLASS,TECHNOLOGY,WEST,CONSUMER,115.14240000000001,4.7976,-0.25415805336055797,-0.11843326045006192,0
CC-12610,2020-07-29,SECOND CLASS,OFFICE SUPPLIES,CENTRAL,CORPORATE,1841.6512,42.471399999999996,-0.3339305009247535,-0.23224362994173292,1
CC-12670,2020-09-11,SECOND CLASS,TECHNOLOGY,WEST,CONSUMER,1330.7536,76.77600000000001,-0.7673969147838722,-0.22136069016780863,0
CC-12685,2020-01-09,STANDARD CLASS,OFFICE SUPPLIES,SOUTH,CONSUMER,490.32,45.7632,-0.1467008935116908,0.061100942684642674,0
CD-11920,2019-03-24,STANDARD CLASS,OFFICE SUPPLIES,EAST,CONSUMER,1709.46,59.6592,-0.6589290474042924,-0.29637609451233454,0
CD-12280,2022-11-18,FIRST CLASS,OFFICE SUPPLIES,WEST,CONSUMER,1018.08,45.8136,0.004458425919528279,0.06132182371257806,0
CD-12790,2019-02-02,STANDARD CLASS,OFFICE SUPPLIES,WEST,HOME OFFICE,406.36,34.291,-1.0321587524801252,-0.40755375508515207,2
CG-12040,2020-05-31,STANDARD CLASS,OFFICE SUPPLIES,WEST,HOME OFFICE,1018.6964,54.077,-1.1439121016848444,-0.46029945206087924,2
CG-12520,2022-01-26,FIRST CLASS,OFFICE SUPPLIES,CENTRAL,CONSUMER,29.056,1.816,-0.2788146427881078,-0.1315003015788733,0
CJ-11875,2021-12-30,FIRST CLASS,OFFICE SUPPLIES,EAST,CORPORATE,66.08,1.652,-0.26821034795215687,-0.13221904143167884,1
CJ-12010,2021-05-07,STANDARD CLASS,TECHNOLOGY,EAST,CONSUMER,1861.83,53.5761,-0.3281509540190792,-0.18357661504264797,0
CK-12205,2019-03-11,SECOND CLASS,FURNITURE,EAST,CONSUMER,1537.0320000000002,112.43,-1.8568623947285825,-0.6229410158665339,0
CK-12325,2019-06-02,STANDARD CLASS,FURNITURE,WEST,HOME OFFICE,543.5999999999999,34.696799999999996,-0.41857737623859304,-0.1268572508441232,2
CK-12595,2019-12-26,STANDARD CLASS,OFFICE SUPPLIES,WEST,CONSUMER,1411.12,79.31099999999999,-1.605788935514126,-0.6286279924118834,0
CK-12760,2019-02-07,STANDARD CLASS,TECHNOLOGY,EAST,CORPORATE,2153.0748,112.3438,-1.3932806313290298,-0.48385976186459323,1
CL-11890,2021-12-01,STANDARD CLASS,FURNITURE,WEST,CONSUMER,225.63359999999997,19.3644,-0.5096482884448891,-0.19405241498531833,0
CL-12565,2019-07-12,STANDARD CLASS,FURNITURE,WEST,CONSUMER,1056.8056000000001,79.8308,-1.7072705248135813,-0.6263499376832959,0
CL-12700,2021-04-24,STANDARD CLASS,OFFICE SUPPLIES,WEST,HOME OFFICE,71.62880000000001,12.947199999999999,-0.5537578472540845,-0.22217617951839064,2
CM-11815,2019-11-14,FIRST CLASS,OFFICE SUPPLIES,CENTRAL,CORPORATE,724.5488,67.2482,-1.5152976786356778,-0.5420349074411079,1
CM-11935,2020-09-23,SECOND CLASS,TECHNOLOGY,WEST,CONSUMER,56.192,13.17,-0.2710424370656477,-0.08174071445232234,0
CM-12115,2020-03-28,STANDARD CLASS,OFFICE SUPPLIES,EAST,CONSUMER,130.12,16.155,-0.5370049861340388,-0.20811780329991694,0
CM-12160,2021-10-21,FIRST CLASS,TECHNOLOGY,EAST,CONSUMER,635.32,17.465400000000002,-0.3923072292433084,-0.2023748965735974,0
CM-12190,2020-10-16,SAME DAY,OFFICE SUPPLIES,WEST,CONSUMER,902.6448,14.0061,-0.6028776897332253,-0.3569945173323803,0
CM-12235,2021-05-01,SECOND CLASS,OFFICE SUPPLIES,SOUTH,CONSUMER,230.5256,19.648,-0.7953839062874458,-0.3322685516278456,0
CM-12385,2020-09-13,SECOND CLASS,OFFICE SUPPLIES,SOUTH,CONSUMER,1164.2844,22.0686,-0.24080294944312816,-0.1822010960221671,0
CM-12445,2021-09-26,SAME DAY,OFFICE SUPPLIES,WEST,CONSUMER,230.29360000000003,21.345,-0.5083135862534583,-0.18537231649466773,0
CM-12655,2020-11-02,STANDARD CLASS,FURNITURE,WEST,HOME OFFICE,197.82,16.8474,-0.5176145701769872,-0.20508331870185248,2
CM-12715,2019-03-07,STANDARD CLASS,FURNITURE,WEST,CORPORATE,859.0336000000001,60.400800000000004,-0.32823190045084977,-0.014207926597085474,1
CO-12640,2020-08-01,STANDARD CLASS,TECHNOLOGY,WEST,CONSUMER,2044.72,61.068,0.011368579469667489,-0.011283882512988695,0
CP-12085,2020-03-23,SECOND CLASS,FURNITURE,WEST,CORPORATE,2058.2928,107.1574,-0.8461542490489011,-0.22767141009221836,1
CP-12340,2021-05-21,FIRST CLASS,OFFICE SUPPLIES,EAST,CORPORATE,900.168,87.43979999999999,-0.8907238555389183,-0.1746259460071503,1
CR-12580,2021-09-23,SECOND CLASS,OFFICE SUPPLIES,EAST,HOME OFFICE,135.0068,11.2898,-0.535605324617068,-0.2294398345918049,2
CR-12625,2019-08-23,SECOND CLASS,OFFICE SUPPLIES,CENTRAL,HOME OFFICE,301.88,39.970600000000005,-0.4878100401254247,-0.10374450550433063,2
CR-12730,2021-06-12,STANDARD CLASS,OFFICE SUPPLIES,CENTRAL,CONSUMER,92.48000000000002,8.381,-0.2606489449792446,-0.10272879466626038,0
CR-12820,2020-01-24,STANDARD CLASS,OFFICE SUPPLIES,SOUTH,HOME OFFICE,1087.21,12.4793,-0.26287835085583383,-0.22422677937892552,2
CS-11845,2020-09-16,FIRST CLASS,OFFICE SUPPLIES,WEST,CORPORATE,60.076800000000006,7.8225,-0.26992976516151246,-0.10517645446986956,1
CS-11860,2022-06-02,SAME DAY,OFFICE SUPPLIES,SOUTH,CONSUMER,151.0208,13.732000000000001,-0.5310186463137265,-0.21873674636911133,0
CS-11950,2020-09-24,SAME DAY,FURNITURE,EAST,CONSUMER,422.8474,38.6172,-1.6017100219270335,-0.6675119850366936,0
CS-12130,2019-08-05,STANDARD CLASS,OFFICE SUPPLIES,WEST,CONSUMER,1582.5720000000001,61.1709,-0.6952718996931898,-0.28975097844229697,0
CS-12175,2021-04-17,STANDARD CLASS,FURNITURE,SOUTH,CORPORATE,316.48,13.846,-0.19649158642120104,-0.07877810383953843,1
CS-12250,2019-02-07,SECOND CLASS,OFFICE SUPPLIES,EAST,CORPORATE,913.1487999999999,108.7338,-2.0355530115175986,-0.6391398344271433,1
CS-12355,2019-08-15,FIRST CLASS,OFFICE SUPPLIES,SOUTH,CONSUMER,2126.3700000000003,111.7202,-2.262339640316605,-0.9049698183713,0
CS-12400,2021-11-05,STANDARD CLASS,OFFICE SUPPLIES,WEST,HOME OFFICE,357.20320000000004,21.1119,-0.47196454736212845,-0.18639389124886882,2
CS-12490,2021-11-01,FIRST CLASS,OFFICE SUPPLIES,CENTRAL,CORPORATE,804.0384,6.9795,-0.05684667978376341,-0.10887095261569328,1
CS-12505,2019-03-26,SECOND CLASS,OFFICE SUPPLIES,WEST,CONSUMER,1380.2916,70.1273,-0.7532084003720492,-0.250499017358957,0
CT-11995,2020-09-14,SECOND CLASS,OFFICE SUPPLIES,CENTRAL,CONSUMER,407.64000000000004,13.957199999999998,-0.4575186015490913,-0.21774979383952708,0
CV-12295,2019-09-02,SECOND CLASS,TECHNOLOGY,CENTRAL,CONSUMER,666.8224,60.5834,-0.3832844132958133,-0.013407671126827586,0
CV-12805,2021-09-01,FIRST CLASS,OFFICE SUPPLIES,WEST,CORPORATE,1417.0726,110.8035,-1.6040840109938017,-0.49061021915286407,1
CW-11905,2019-06-09,SECOND CLASS,TECHNOLOGY,CENTRAL,HOME OFFICE,176.9744,17.5712,-0.8107218685178632,-0.34137025239800767,2
CY-12745,2021-09-03,FIRST CLASS,OFFICE SUPPLIES,SOUTH,CORPORATE,811.5288,53.014,-0.6289748409938266,-0.18604005206253824,1
DA-13450,2019-09-26,STANDARD CLASS,OFFICE SUPPLIES,EAST,HOME OFFICE,180.62720000000002,26.927999999999997,-0.5225388765797405,-0.16090448357873205,2
DB-12910,2021-04-01,SECOND CLASS,FURNITURE,SOUTH,HOME OFFICE,406.21535,18.7954,-0.4579266452136883,-0.1965460916697474,2
DB-12970,2019-11-12,STANDARD CLASS,OFFICE SUPPLIES,CENTRAL,CORPORATE,625.1464000000001,48.6166,-0.6823578877157405,-0.2053119217498991,1
DB-13060,2019-03-01,SECOND CLASS,FURNITURE,WEST,CONSUMER,1693.5711999999999,87.35810000000001,-0.3763430976000887,-0.03552497048485823,0
DB-13120,2020-04-30,STANDARD CLASS,OFFICE SUPPLIES,SOUTH,CORPORATE,229.8352,25.7354,-1.369855185885418,-0.5845082167698679,1
DB-13210,2021-03-26,FIRST CLASS,OFFICE SUPPLIES,SOUTH,CONSUMER,1393.4784,86.5847,-1.0365682483138592,-0.31783250381059036,0
DB-13270,2019-02-04,STANDARD CLASS,OFFICE SUPPLIES,WEST,HOME OFFICE,958.7687999999999,77.0408,-1.1610763718666437,-0.3596592189398038,2
DB-13360,2020-06-25,STANDARD CLASS,OFFICE SUPPLIES,EAST,HOME OFFICE,696.6236,76.7976,-0.6618856183000039,-0.08180699618945053,2
DB-13405,2020-08-07,SECOND CLASS,OFFICE SUPPLIES,EAST,CONSUMER,459.70320000000004,41.053200000000004,-0.7297435962130178,-0.2384589766444698,0
DB-13555,2019-10-11,STANDARD CLASS,FURNITURE,SOUTH,CORPORATE,214.24,19.4,-0.5129116066612592,-0.19389639584653862,1
DB-13615,2019-09-30,STANDARD CLASS,OFFICE SUPPLIES,WEST,CONSUMER,1085.9316,87.2401,-1.4117915809735806,-0.4544192046160864,0
DB-13660,2019-06-17,STANDARD CLASS,TECHNOLOGY,EAST,CONSUMER,235.82999999999998,39.5379,-0.5067278683966693,-0.10564083925011701,0
DC-12850,2020-03-18,STANDARD CLASS,OFFICE SUPPLIES,SOUTH,CONSUMER,827.8464,70.8615,-0.9114379752830764,-0.24728134174962874,0
DC-13285,2019-12-29,STANDARD CLASS,TECHNOLOGY,CENTRAL,CONSUMER,1266.5,83.9228,-0.49866345522604383,-0.050580379121095705,0
DD-13570,2019-03-31,STANDARD CLASS,TECHNOLOGY,CENTRAL,CONSUMER,381.8944,33.5922,-0.7520293421084245,-0.27115725738704477,0
DE-13255,2019-11-05,STANDARD CLASS,FURNITURE,WEST,HOME OFFICE,157.5648,14.2608,-0.5291443349101379,-0.2164192485998212,2
DF-13135,2019-10-04,STANDARD CLASS,OFFICE SUPPLIES,WEST,CONSUMER,72.25,6.7915,-0.26644315642401795,-0.10969487391037283,0
DG-13300,2019-11-01,STANDARD CLASS,OFFICE SUPPLIES,EAST,CORPORATE,210.56,31.406,-0.5139656204089985,-0.1412793795490777,1
DH-13075,2019-11-21,STANDARD CLASS,TECHNOLOGY,SOUTH,CORPORATE,248.90000000000003,43.884699999999995,-1.0772579385450787,-0.3655087884640501,1
DH-13675,2019-08-12,STANDARD CLASS,OFFICE SUPPLIES,SOUTH,HOME OFFICE,442.36,33.0831,-0.7347109796993743,-0.2733884187227967,2
DJ-13420,2019-12-08,STANDARD CLASS,FURNITURE,WEST,CORPORATE,1576.1,76.1626,-0.40998882036189077,-0.08458992183903308,1
DJ-13510,2019-08-17,STANDARD CLASS,OFFICE SUPPLIES,SOUTH,CORPORATE,569.8499999999999,51.2444,-0.9853324732361319,-0.3332544610573849,1
DJ-13630,2020-12-13,SECOND CLASS,TECHNOLOGY,WEST,CONSUMER,1291.2624,58.1298,-0.4915710883708755,-0.16361975121508274,0
DK-12835,2020-02-07,STANDARD CLASS,OFFICE SUPPLIES,SOUTH,CORPORATE,699.5392,64.0912,-1.2353240789919036,-0.4164116189269435,1
DK-12895,2020-09-24,STANDARD CLASS,OFFICE SUPPLIES,CENTRAL,CONSUMER,1806.2016,12.8744,-0.056947092456630974,-0.22249522989207507,0
DK-12985,2020-12-06,STANDARD CLASS,OFFICE SUPPLIES,SOUTH,CONSUMER,737.7927999999999,71.95859999999999,-0.650094068630594,-0.10301420440729273,0
DK-13090,2020-10-08,STANDARD CLASS,OFFICE SUPPLIES,SOUTH,CONSUMER,669.1776,96.5851,-1.2440201506775994,-0.2740051500057321,0
DK-13150,2019-12-05,SECOND CLASS,OFFICE SUPPLIES,CENTRAL,CORPORATE,39.705600000000004,1.8612,-0.2757644186555197,-0.13130220986334395,1
DK-13225,2019-03-14,STANDARD CLASS,OFFICE SUPPLIES,WEST,CORPORATE,84.7856,-1.7896,-0.8371262876992729,-0.42622012155775124,1
DK-13375,2020-12-11,FIRST CLASS,OFFICE SUPPLIES,WEST,CONSUMER,1499.6168,68.1974,-0.7190316609014676,-0.25895692005364884,0
DL-12865,2019-06-29,STANDARD CLASS,OFFICE SUPPLIES,EAST,CONSUMER,809.5459999999999,67.4027,-0.9166795169105568,-0.2624397405477012,0
DL-12925,2020-09-21,SAME DAY,FURNITURE,WEST,CONSUMER,409.2,53.196,-0.16993502264663946,0.09367563523301577,0
DL-13315,2019-01-16,SECOND CLASS,OFFICE SUPPLIES,EAST,CONSUMER,1992.8332000000003,96.5432,-1.43917651430722,-0.5531068406343467,0
DL-13330,2019-06-23,FIRST CLASS,OFFICE SUPPLIES,SOUTH,CONSUMER,305.48519999999996,24.3432,-0.773914219079555,-0.31169155554923167,0
DL-13495,2020-12-24,STANDARD CLASS,FURNITURE,CENTRAL,CORPORATE,1766.644,119.5326,-0.9296873590248973,-0.17343635261392937,1
DL-13600,2019-03-30,STANDARD CLASS,OFFICE SUPPLIES,WEST,CORPORATE,163.37279999999998,11.116800000000001,-0.8146175949828771,-0.36965704816598466,1
DM-12955,2019-12-09,STANDARD CLASS,OFFICE SUPPLIES,WEST,CORPORATE,693.9964,18.9271,-1.2369116299160798,-0.6143460005494783,1
DM-13015,2019-09-14,SAME DAY,OFFICE SUPPLIES,EAST,CONSUMER,590.58,40.443599999999996,-0.6922582846749403,-0.24113058526806902,0
DM-13345,2020-04-15,STANDARD CLASS,FURNITURE,EAST,CORPORATE,735.0696,59.2647,-0.6508740388039211,-0.1586459837824667,1
DM-13525,2019-07-05,FIRST CLASS,FURNITURE,SOUTH,CORPORATE,134.91200000000003,14.44,-0.5356324769277436,-0.2156338938338288,1
DN-13690,2019-09-20,STANDARD CLASS,FURNITURE,EAST,CONSUMER,1109.43,122.10390000000001,-1.1179244762006386,-0.16216747588515532,0
DO-13435,2019-10-03,SAME DAY,OFFICE SUPPLIES,EAST,CONSUMER,2302.0348,108.14089999999999,-1.6377527566147108,-0.6417382542974385,0
DO-13645,2020-11-06,STANDARD CLASS,OFFICE SUPPLIES,CENTRAL,CONSUMER,1067.316,93.541,-1.1299866324431094,-0.2873461011394236,0
DP-13000,2019-01-03,STANDARD CLASS,OFFICE SUPPLIES,CENTRAL,CONSUMER,488.03999999999996,86.8635,-1.2959009986755614,-0.31661064606082084,0
DP-13105,2020-08-21,FIRST CLASS,OFFICE SUPPLIES,EAST,CORPORATE,671.9864000000001,57.944,-1.530352431954746,-0.5828111229196049,1
DP-13240,2019-05-26,FIRST CLASS,OFFICE SUPPLIES,WEST,HOME OFFICE,658.16,90.15939999999999,-1.2471757761849616,-0.30216616629946813,2
DP-13390,2019-09-08,STANDARD CLASS,OFFICE SUPPLIES,WEST,HOME OFFICE,618.2588000000001,46.8895,-0.9714673806514683,-0.3523400719414272,2
DR-12880,2021-07-14,STANDARD CLASS,OFFICE SUPPLIES,EAST,CORPORATE,313.3696,25.580599999999997,-1.0587927633518035,-0.44572760638928366,1
DR-12940,2019-03-28,STANDARD CLASS,TECHNOLOGY,WEST,HOME OFFICE,1359.5152,85.0642,-0.7591591099450195,-0.1850371557286436,2
DS-13030,2019-07-09,STANDARD CLASS,OFFICE SUPPLIES,WEST,HOME OFFICE,136.1,19.0558,-0.8224289825207423,-0.33486390370608615,2
DS-13180,2020-08-20,STANDARD CLASS,OFFICE SUPPLIES,WEST,CORPORATE,423.7224000000001,18.6612,-0.7400491010648269,-0.33659326191289757,1
DV-13045,2021-06-12,SECOND CLASS,OFFICE SUPPLIES,WEST,CORPORATE,984.3767999999999,9.5458,-0.5794682735293593,-0.3765420500486526,1
DV-13465,2020-05-16,STANDARD CLASS,OFFICE SUPPLIES,EAST,CONSUMER,1706.6844,29.2496,-0.37258725709007384,-0.2901889627821267,0
DW-13195,2019-01-18,SECOND CLASS,OFFICE SUPPLIES,WEST,CORPORATE,289.1048,18.717399999999998,-0.49146907176404403,-0.19688793135583788,1
DW-13480,2019-06-01,SECOND CLASS,OFFICE SUPPLIES,CENTRAL,HOME OFFICE,1003.8024,109.199,-1.1481779931953957,-0.21872397543680475,2
DW-13540,2021-04-01,STANDARD CLASS,OFFICE SUPPLIES,EAST,CONSUMER,795.2416000000001,61.2408,-0.6336397683612667,-0.14998560681216752,0
DW-13585,2019-08-24,SECOND CLASS,OFFICE SUPPLIES,SOUTH,CORPORATE,684.018,38.2602,-1.2397696111064174,-0.5296175283038977,1
EA-14035,2019-11-01,FIRST CLASS,FURNITURE,EAST,CORPORATE,267.4048,40.3532,-0.7848210846011343,-0.24152676869912765,1
EB-13705,2020-10-01,STANDARD CLASS,OFFICE SUPPLIES,WEST,CORPORATE,655.6928,41.595,-0.9607456549360138,-0.37554353627483605,1
EB-13750,2020-03-11,STANDARD CLASS,OFFICE SUPPLIES,SOUTH,CORPORATE,1074.7324,66.8222,-1.4149992197680592,-0.5439018780343712,1
EB-13840,2019-05-30,STANDARD CLASS,OFFICE SUPPLIES,SOUTH,CORPORATE,2052.8599999999997,51.1306,-0.2734367566737977,-0.19429416571359917,1
EB-13870,2019-11-08,STANDARD CLASS,TECHNOLOGY,WEST,CONSUMER,800.5824000000001,25.0182,-0.05783653617294463,-0.0298152661351829,0
EB-13930,2021-02-26,SECOND CLASS,OFFICE SUPPLIES,CENTRAL,CONSUMER,383.96000000000004,48.3782,-0.75143771960915,-0.206356724072514,0
EB-13975,2022-12-30,STANDARD CLASS,OFFICE SUPPLIES,WEST,CORPORATE,33.152,6.475,-0.2776414796601893,-0.11108195417508601,1
EB-14110,2020-04-12,SECOND CLASS,TECHNOLOGY,WEST,CONSUMER,862.7872000000001,62.2646,-0.6142935751549354,-0.1454987418042264,0
EB-14170,2022-10-09,FIRST CLASS,OFFICE SUPPLIES,SOUTH,CONSUMER,34.611200000000004,3.5152,-0.2772235402958683,-0.12405345549419518,0
EC-14050,2021-12-12,STANDARD CLASS,OFFICE SUPPLIES,SOUTH,CONSUMER,952.7199999999999,65.18,-0.8756720809543543,-0.2721808568332556,0
ED-13885,2019-08-09,STANDARD CLASS,OFFICE SUPPLIES,WEST,HOME OFFICE,677.37,71.3417,-1.2416737098550508,-0.3846358670808049,2
EG-13900,2020-11-01,FIRST CLASS,OFFICE SUPPLIES,SOUTH,CONSUMER,790.88,55.3616,-0.06061546633220164,0.10316650733811168,0
EH-13765,2019-04-12,STANDARD CLASS,OFFICE SUPPLIES,WEST,CORPORATE,1327.7676000000001,104.7544,-1.3425256927403528,-0.3776617326405226,1
EH-13945,2020-12-13,STANDARD CLASS,FURNITURE,WEST,CONSUMER,670.56,47.259,-0.6693506706683674,-0.21126168531190415,0
EH-13990,2019-05-23,STANDARD CLASS,OFFICE SUPPLIES,WEST,CONSUMER,238.23360000000002,40.4629,-0.7931762057527788,-0.241046001858562,0
EH-14005,2021-04-28,STANDARD CLASS,OFFICE SUPPLIES,WEST,HOME OFFICE,1001.9928000000001,90.7979,-0.8615595242723956,-0.1599088710089408,2
EH-14125,2020-04-09,STANDARD CLASS,OFFICE SUPPLIES,EAST,HOME OFFICE,981.9384,66.7906,-0.5801666722039481,-0.12566327489082413,2
EH-14185,2019-05-22,STANDARD CLASS,TECHNOLOGY,SOUTH,CONSUMER,472.54040000000003,44.7941,-1.013203575460863,-0.3615232883290417,0
EJ-13720,2019-01-27,STANDARD CLASS,OFFICE SUPPLIES,WEST,CONSUMER,1275.2972,42.8654,-0.49614378953538835,-0.2305169012709683,0
EJ-14155,2022-05-14,STANDARD CLASS,OFFICE SUPPLIES,SOUTH,CONSUMER,568.71,34.7331,-0.4113854509109481,-0.12669816391328875,0
EK-13795,2020-11-28,FIRST CLASS,OFFICE SUPPLIES,WEST,HOME OFFICE,246.8208,26.6166,-0.7907166875857716,-0.3017282434677185,2
EL-13735,2021-04-22,STANDARD CLASS,FURNITURE,CENTRAL,HOME OFFICE,436.86,27.1154,-0.4491495032586179,-0.16008319182009934,2
EM-13810,2020-06-06,SECOND CLASS,OFFICE SUPPLIES,WEST,CORPORATE,202.95,24.8074,-0.803282020826076,-0.3096571711609857,1
EM-13825,2019-12-02,STANDARD CLASS,OFFICE SUPPLIES,SOUTH,CORPORATE,75.21119999999999,10.5036,-0.5527317877840027,-0.2328854033251935,1
EM-13960,2020-09-30,FIRST CLASS,TECHNOLOGY,WEST,CONSUMER,1587.7744,104.06479999999999,-0.6937818450406793,-0.10176588470902549,0
EM-14095,2020-08-06,SECOND CLASS,OFFICE SUPPLIES,SOUTH,CORPORATE,370.67040000000003,30.544800000000002,-1.042380852765809,-0.42397170164966547,1
EM-14140,2020-03-06,FIRST CLASS,TECHNOLOGY,EAST,HOME OFFICE,500.66999999999996,62.6124,-0.43087324857295384,-0.004515456728397774,2
EM-14200,2022-07-25,FIRST CLASS,FURNITURE,CENTRAL,HOME OFFICE,1252.0872,-4.2588,0.07148201447115242,-0.15812347754121006,2
EN-13780,2020-05-29,FIRST CLASS,TECHNOLOGY,EAST,CONSUMER,971.674,56.5617,-0.8702433373199385,-0.3099510743541957,0
EP-13915,2020-03-13,STANDARD CLASS,OFFICE SUPPLIES,EAST,CONSUMER,2629.2804,226.8157,-2.118297663283707,-0.4005568749043328,0
ER-13855,2020-12-20,STANDARD CLASS,OFFICE SUPPLIES,WEST,CORPORATE,808.7904000000001,27.159,-0.342622395975419,-0.15989211220069494,1
ES-14020,2019-09-20,STANDARD CLASS,OFFICE SUPPLIES,WEST,CONSUMER,301.81440000000003,48.6276,-0.4878288290661453,-0.06580468290836872,0
ES-14080,2020-02-27,STANDARD CLASS,TECHNOLOGY,EAST,CORPORATE,582.8672,30.5588,-0.9816041287369275,-0.42391034580857234,1
FA-14230,2020-07-01,FIRST CLASS,TECHNOLOGY,SOUTH,CORPORATE,1162.7808,52.281600000000005,-0.5283703744392287,-0.189249839063726,1
FC-14245,2020-09-18,STANDARD CLASS,FURNITURE,WEST,HOME OFFICE,685.12,48.749,-0.9523172110888742,-0.34419070147623243,2
FC-14335,2020-03-29,STANDARD CLASS,OFFICE SUPPLIES,CENTRAL,CORPORATE,94.08,8.526,-0.26019067813240143,-0.10209332345493839,1
FG-14260,2019-11-17,SECOND CLASS,OFFICE SUPPLIES,EAST,HOME OFFICE,866.1099999999999,58.2785,-0.613341869480754,-0.16296806453147186,2
FH-14275,2019-04-06,SECOND CLASS,OFFICE SUPPLIES,WEST,CORPORATE,3200.18,118.3338,-0.806235363654072,-0.3181491963162064,1
FH-14350,2020-08-22,STANDARD CLASS,OFFICE SUPPLIES,SOUTH,CONSUMER,117.2856,8.2746,-0.5406809736459913,-0.24265412973923983,0
FH-14365,2021-12-01,STANDARD CLASS,OFFICE SUPPLIES,WEST,CORPORATE,666.6948,76.7319,-0.9575944975304085,-0.2215539610672521,1
FM-14215,2019-03-11,SECOND CLASS,OFFICE SUPPLIES,SOUTH,CORPORATE,1934.6100000000001,155.18810000000002,-1.4558526157304197,-0.29609204311119464,1
FM-14290,2020-04-06,FIRST CLASS,OFFICE SUPPLIES,EAST,HOME OFFICE,165.3264,24.0153,-0.8140580511628815,-0.313128596998835,2
FM-14380,2020-07-11,STANDARD CLASS,TECHNOLOGY,CENTRAL,CONSUMER,3069.1542000000004,122.4085,-0.8437633512922617,-0.3002915787660428,0
FO-14305,2020-02-03,STANDARD CLASS,OFFICE SUPPLIES,SOUTH,CONSUMER,1776.9904000000001,67.0461,-0.926723976459786,-0.40346159215221694,0
FP-14320,2019-12-07,FIRST CLASS,OFFICE SUPPLIES,WEST,CONSUMER,1908.1976,117.115,-1.463417570271395,-0.4629496912200451,0
FW-14395,2020-03-21,STANDARD CLASS,OFFICE SUPPLIES,SOUTH,CORPORATE,252.64,17.6848,-0.5019132023370232,-0.20141336289246603,1
GA-14515,2019-11-06,STANDARD CLASS,OFFICE SUPPLIES,SOUTH,CONSUMER,1131.0844000000002,102.9436,-1.111722292695463,-0.24613864174924324,0
GA-14725,2019-02-11,SECOND CLASS,OFFICE SUPPLIES,CENTRAL,CONSUMER,1270.0059999999999,86.0232,-1.6462063529050177,-0.5992113726557767,0
GB-14530,2019-04-28,STANDARD CLASS,OFFICE SUPPLIES,EAST,CORPORATE,2190.346,158.35250000000002,-2.2440158404455812,-0.7006009620421242,1
GB-14575,2020-06-11,STANDARD CLASS,OFFICE SUPPLIES,EAST,CONSUMER,1316.3452,84.54329999999999,-0.4843869535796269,-0.047861000592645406,0
GD-14590,2019-05-05,FIRST CLASS,OFFICE SUPPLIES,SOUTH,CORPORATE,23.76,5.346,-0.2803315060511587,-0.11602986450324136,1
GG-14650,2019-10-31,STANDARD CLASS,OFFICE SUPPLIES,WEST,CORPORATE,1135.5068,61.5695,-1.684729180584348,-0.7063811820371876,1
GH-14410,2019-07-09,STANDARD CLASS,OFFICE SUPPLIES,WEST,HOME OFFICE,1719.9648000000002,96.8622,-1.230193833874903,-0.4122497732887669,2
GH-14425,2020-12-05,STANDARD CLASS,FURNITURE,WEST,CONSUMER,1771.8676,92.5497,-0.06678092615632679,0.1266865590971874,0
GH-14665,2020-11-16,SECOND CLASS,OFFICE SUPPLIES,CENTRAL,CONSUMER,163.68000000000004,3.069,-0.24025607029472362,-0.1260089538010357,0
GK-14620,2019-06-25,SECOND CLASS,OFFICE SUPPLIES,WEST,CORPORATE,3084.3852,147.3855,-1.1265377060538737,-0.3302874063764427,1
GM-14440,2022-03-26,FIRST CLASS,TECHNOLOGY,EAST,CONSUMER,1319.8552,65.2876,-0.7705183994111444,-0.27170929336885385,0
GM-14455,2019-12-31,FIRST CLASS,FURNITURE,EAST,HOME OFFICE,1329.2928,56.9962,-0.48067854368826024,-0.1685878213195973,2
GM-14500,2020-03-25,SECOND CLASS,TECHNOLOGY,EAST,CONSUMER,421.74240000000003,41.623000000000005,-1.314889743741355,-0.5148798552733213,0
GM-14680,2019-05-10,STANDARD CLASS,OFFICE SUPPLIES,WEST,CONSUMER,713.162,41.6995,-0.6571487430376095,-0.23562652806600493,0
GM-14695,2019-04-05,SECOND CLASS,OFFICE SUPPLIES,SOUTH,CORPORATE,160.72,7.5768,-0.24110386396138347,-0.10625324948105447,1
GP-14740,2020-11-25,STANDARD CLASS,OFFICE SUPPLIES,EAST,CORPORATE,44.19,6.9231,-0.27448001125053,-0.10911812900409713,1
GR-14560,2019-11-21,STANDARD CLASS,OFFICE SUPPLIES,WEST,CORPORATE,25.92,6.2208,-0.27971284580792044,-0.11219600094693462,1
GT-14635,2020-11-04,STANDARD CLASS,OFFICE SUPPLIES,EAST,CORPORATE,121.65120000000002,8.8704,-0.25229382382759996,-0.10058396976404671,1
GT-14710,2020-04-26,STANDARD CLASS,OFFICE SUPPLIES,EAST,CONSUMER,735.878,134.2329,-2.3734631118402323,-0.6668475274207761,0
GT-14755,2020-02-18,STANDARD CLASS,OFFICE SUPPLIES,WEST,CONSUMER,251.72000000000003,43.7044,-0.7893134745007377,-0.22683993336545694,0
GW-14605,2019-07-27,SECOND CLASS,TECHNOLOGY,WEST,CONSUMER,1551.7484,56.8336,-0.41696352720413205,-0.16930042558829356,0
GZ-14470,2019-08-05,STANDARD CLASS,FURNITURE,CENTRAL,CONSUMER,1262.442,86.1204,-1.0740992719699092,-0.3198673264548441,0
GZ-14545,2019-09-28,STANDARD CLASS,OFFICE SUPPLIES,EAST,CORPORATE,241.68,16.6062,-0.5050523302378989,-0.20614039219268604,1
HA-14905,2020-11-07,STANDARD CLASS,OFFICE SUPPLIES,EAST,CONSUMER,557.75,25.0235,-0.4145245788118238,-0.16925106924744054,0
HA-14920,2019-10-11,FIRST CLASS,OFFICE SUPPLIES,WEST,CONSUMER,409.4528,25.3142,-1.0312729226651776,-0.44689512039408485,0
HD-14785,2020-11-21,SECOND CLASS,OFFICE SUPPLIES,EAST,HOME OFFICE,68.48,4.9648,-0.26752294768189216,-0.11770049640500649,2
HE-14800,2021-01-29,STANDARD CLASS,OFFICE SUPPLIES,CENTRAL,CORPORATE,2643.1684,172.8526,-0.39149929469243006,0.1997007814301116,1
HF-14995,2019-05-26,STANDARD CLASS,FURNITURE,WEST,CONSUMER,1687.0716000000002,90.8694,-0.9524782295522369,-0.2990545486440294,0
HG-14845,2019-04-29,SECOND CLASS,OFFICE SUPPLIES,SOUTH,CONSUMER,82.876,10.427200000000001,-0.5505364604542005,-0.23322023091515903,0
HG-14965,2020-08-20,STANDARD CLASS,OFFICE SUPPLIES,SOUTH,CORPORATE,847.8104,64.3758,-1.4799934881551502,-0.5546233730093926,1
HG-15025,2021-08-13,SAME DAY,OFFICE SUPPLIES,SOUTH,CONSUMER,1036.9560000000001,102.7233,-1.1386822458619585,-0.2471041197344449,0
HH-15010,2019-08-29,SAME DAY,OFFICE SUPPLIES,WEST,CORPORATE,258.8288,50.5102,-0.5001406261734338,-0.05755407530537025,1
HJ-14875,2020-04-12,FIRST CLASS,OFFICE SUPPLIES,WEST,HOME OFFICE,921.6984,86.1174,-0.8845571877143732,-0.1804214434544069,2
HK-14890,2020-10-24,STANDARD CLASS,TECHNOLOGY,EAST,CORPORATE,720.2828000000001,98.6762,-1.2293827638892934,-0.26484077862645333,1
HL-15040,2019-01-20,STANDARD CLASS,FURNITURE,SOUTH,CONSUMER,468.1268,33.3213,-1.01446770455788,-0.41180352359286887,0
HM-14860,2020-12-03,SECOND CLASS,FURNITURE,WEST,CORPORATE,1274.5436,47.5865,-0.7834964019470313,-0.34928542756700354,1
HM-14980,2020-10-01,FIRST CLASS,OFFICE SUPPLIES,WEST,CONSUMER,1139.748,45.5768,-0.5349673548329595,-0.2186340278752549,0
HP-14815,2019-05-06,STANDARD CLASS,OFFICE SUPPLIES,WEST,HOME OFFICE,1736.9404,122.718,-0.3639214310162695,0.11944191562013823,2
HR-14770,2022-01-14,STANDARD CLASS,TECHNOLOGY,CENTRAL,HOME OFFICE,399.17440000000005,21.7238,-0.45994329143573853,-0.18371220273709002,2
HR-14830,2019-11-24,STANDARD CLASS,OFFICE SUPPLIES,WEST,CORPORATE,355.9724,47.2461,-1.046590606587622,-0.35077725101758295,1
HW-14935,2020-09-26,SECOND CLASS,OFFICE SUPPLIES,CENTRAL,CORPORATE,1466.2588,48.4007,-0.7285859518245892,-0.34571714715142865,1
HZ-14950,2021-03-14,STANDARD CLASS,FURNITURE,EAST,CONSUMER,110.64,11.954899999999999,-0.5425843849943544,-0.2265249938838721,0
IG-15085,2019-10-18,SECOND CLASS,OFFICE SUPPLIES,WEST,CONSUMER,347.84,82.7424,-0.4746463249498547,0.08370547764340695,0
IL-15100,2019-08-01,FIRST CLASS,OFFICE SUPPLIES,WEST,CONSUMER,933.9776,25.4441,-0.5939034500714955,-0.30686679515927046,0
IM-15055,2019-01-23,STANDARD CLASS,OFFICE SUPPLIES,WEST,CONSUMER,273.76,22.0464,-0.4958640799586934,-0.18229838885590055,0
IM-15070,2021-11-06,SECOND CLASS,OFFICE SUPPLIES,WEST,CONSUMER,254.52,22.9068,-0.21423797006520276,-0.039068603484046706,0
JA-15970,2019-11-12,STANDARD CLASS,OFFICE SUPPLIES,WEST,CONSUMER,450.99480000000005,48.3985,-1.019374596820453,-0.3457267887836004,0
JB-15400,2020-04-30,STANDARD CLASS,TECHNOLOGY,WEST,CORPORATE,1147.2172,53.9129,-1.1071015880787434,-0.46101863016969263,1
JB-15925,2020-12-11,STANDARD CLASS,TECHNOLOGY,CENTRAL,CONSUMER,180.5568,14.661,-0.5225590403210016,-0.2146653480565725,0
JB-16000,2021-01-09,SECOND CLASS,FURNITURE,WEST,CONSUMER,878.9724,59.3027,-1.1839313997525411,-0.4373975078608425,0
JB-16045,2021-05-25,STANDARD CLASS,OFFICE SUPPLIES,SOUTH,HOME OFFICE,119.0416,22.6182,-0.8273147945083608,-0.3192514716839243,2
JC-15340,2021-12-13,STANDARD CLASS,OFFICE SUPPLIES,WEST,CONSUMER,173.34,5.6442,-0.5246260529336877,-0.2541820157686286,0
JC-15385,2022-07-08,STANDARD CLASS,TECHNOLOGY,WEST,CONSUMER,100.0,10.5,-0.25849509079908173,-0.09344214986080314,0
JC-15775,2019-09-14,STANDARD CLASS,FURNITURE,SOUTH,CONSUMER,3842.08425,147.7213,-0.6223832157648664,-0.18935671202155108,0
JC-16105,2019-11-18,SECOND CLASS,OFFICE SUPPLIES,CENTRAL,CORPORATE,1132.8,51.5005,-0.5369573786153761,-0.1926730567407164,1
JD-15790,2020-04-01,STANDARD CLASS,TECHNOLOGY,WEST,CONSUMER,681.1424,64.5375,-0.6663196937433467,-0.13553762100275227,0
JD-15895,2019-03-26,STANDARD CLASS,TECHNOLOGY,WEST,CORPORATE,1709.1092,137.39499999999998,-1.807576597317582,-0.5135304035171994,1
JD-16015,2019-10-04,STANDARD CLASS,OFFICE SUPPLIES,WEST,CONSUMER,996.5983999999999,28.7923,-0.5759678022197476,-0.29219310750583394,0
JD-16060,2019-09-24,STANDARD CLASS,OFFICE SUPPLIES,WEST,CONSUMER,847.84,8.4784,-0.044301166584584835,-0.10230193331465512,0
JD-16150,2019-11-16,FIRST CLASS,OFFICE SUPPLIES,WEST,CORPORATE,1856.23,102.98530000000001,-0.9040284254365898,-0.24595588899398718,1
JE-15475,2020-03-15,SECOND CLASS,FURNITURE,WEST,CONSUMER,1448.92,113.3044,-1.0206888438038966,-0.20073181329224404,0
JE-15610,2020-06-10,FIRST CLASS,TECHNOLOGY,SOUTH,CORPORATE,2320.4608000000003,126.21000000000001,-0.7710649348594137,-0.14417224594853997,1
JE-15715,2020-02-21,SECOND CLASS,OFFICE SUPPLIES,WEST,CONSUMER,752.1279999999999,49.9816,-0.9331249955430825,-0.33878875792398766,0
JE-15745,2020-10-14,SAME DAY,TECHNOLOGY,CENTRAL,CONSUMER,2742.922,184.84550000000002,-1.2243384960394852,-0.16611670585146482,0
JE-16165,2022-10-20,SECOND CLASS,OFFICE SUPPLIES,WEST,CORPORATE,96.4896,11.866800000000001,-0.5466372969878354,-0.2269110974267512,1
JF-15190,2019-11-15,STANDARD CLASS,OFFICE SUPPLIES,SOUTH,CONSUMER,249.93720000000002,59.23,-1.0769608670616124,-0.29825708929784767,0
JF-15295,2019-03-14,STANDARD CLASS,OFFICE SUPPLIES,WEST,CONSUMER,348.30080000000004,43.8244,-1.0487878815515232,-0.3657730568367584,0
JF-15355,2020-10-22,SECOND CLASS,FURNITURE,WEST,CONSUMER,950.1408,120.327,-1.4506843445650253,-0.30941387756857197,0
JF-15415,2019-06-17,SECOND CLASS,OFFICE SUPPLIES,CENTRAL,CONSUMER,946.9356,86.7292,-0.8773288301724043,-0.17774019319863588,0
JF-15490,2019-10-19,SAME DAY,OFFICE SUPPLIES,WEST,CONSUMER,1134.5524,67.94550000000001,-1.3978657680317104,-0.5389789482986609,0
JF-15565,2021-02-15,STANDARD CLASS,FURNITURE,EAST,CONSUMER,1160.7282000000002,68.3442,-0.5289582735203726,-0.11885452955351483,0
JG-15115,2019-09-21,SECOND CLASS,TECHNOLOGY,WEST,CONSUMER,450.54720000000003,32.706,-0.4452292595172981,-0.1355820514475702,0
JG-15160,2019-05-30,STANDARD CLASS,OFFICE SUPPLIES,EAST,CONSUMER,1554.23,100.31630000000001,-0.9905262927782379,-0.2576529418423899,0
JG-15310,2022-12-22,SECOND CLASS,FURNITURE,EAST,CORPORATE,220.98,50.8254,-0.22384438884215266,0.08328633831191293,1
JG-15805,2019-04-05,FIRST CLASS,OFFICE SUPPLIES,CENTRAL,CORPORATE,1310.2872000000002,39.8512,-1.0603956038820463,-0.5226448752196682,1
JH-15430,2019-02-24,STANDARD CLASS,OFFICE SUPPLIES,WEST,CONSUMER,239.48800000000003,13.7988,-0.505680155818074,-0.21844399135589543,0
JH-15820,2019-05-19,STANDARD CLASS,OFFICE SUPPLIES,CENTRAL,CONSUMER,1534.8584,53.7035,-0.7089378753329,-0.3224773075693717,0
JH-15910,2020-06-11,STANDARD CLASS,TECHNOLOGY,SOUTH,CONSUMER,1523.2944,58.372600000000006,-0.9993867676952387,-0.4414737269894672,0
JH-15985,2020-12-14,STANDARD CLASS,OFFICE SUPPLIES,WEST,CONSUMER,544.0255999999999,44.443,-0.7055922459841125,-0.22360297449178507,0
JH-16180,2020-10-31,SECOND CLASS,FURNITURE,EAST,CONSUMER,1179.2304000000001,21.8376,0.05061460446672538,-0.04375443671953274,0
JJ-15445,2020-03-04,STANDARD CLASS,OFFICE SUPPLIES,CENTRAL,CONSUMER,422.84680000000003,34.9264,-1.0274366563235415,-0.40476907641153836,0
JJ-15760,2020-10-04,STANDARD CLASS,OFFICE SUPPLIES,SOUTH,HOME OFFICE,537.52,21.5132,-0.42031879025659713,-0.18463516988953424,2
JK-15205,2019-07-11,FIRST CLASS,TECHNOLOGY,EAST,CONSUMER,1058.0747999999999,83.0279,-0.845496698456984,-0.19396136281564336,0
JK-15325,2019-11-21,STANDARD CLASS,TECHNOLOGY,CENTRAL,CORPORATE,1754.58,54.7769,-0.3588691535965353,-0.17831403690088626,1
JK-15370,2020-12-18,FIRST CLASS,OFFICE SUPPLIES,EAST,CONSUMER,2665.5048,91.4719,-0.6722385436705675,-0.2964140561969845,0
JK-15625,2019-06-29,STANDARD CLASS,OFFICE SUPPLIES,EAST,CONSUMER,979.1680000000001,36.5648,-0.580960161249257,-0.25812965929893616,0
JK-15640,2019-09-23,STANDARD CLASS,OFFICE SUPPLIES,EAST,HOME OFFICE,679.9648000000001,62.3296,-0.953793746869403,-0.28467290607982254,2
JK-15730,2020-03-19,STANDARD CLASS,OFFICE SUPPLIES,CENTRAL,CONSUMER,1734.3434000000002,96.5754,-0.9389387928456113,-0.27404766083848947,0
JK-16090,2020-04-20,STANDARD CLASS,FURNITURE,SOUTH,CONSUMER,1162.4464,46.3833,-0.24132938348343924,-0.0756404624916097,0
JK-16120,2020-08-09,STANDARD CLASS,OFFICE SUPPLIES,CENTRAL,HOME OFFICE,551.0852,46.4999,-1.2778437955426882,-0.49350654802851973,2
JL-15130,2019-07-18,STANDARD CLASS,OFFICE SUPPLIES,EAST,CONSUMER,502.7264,38.428399999999996,-1.291694567288388,-0.5288803816987642,0
JL-15175,2020-01-05,STANDARD CLASS,OFFICE SUPPLIES,WEST,HOME OFFICE,342.6463,17.6429,-0.7632706565031653,-0.34105602284040915,2
JL-15235,2020-11-29,STANDARD CLASS,OFFICE SUPPLIES,EAST,CONSUMER,240.5,17.4356,-0.5053903020374457,-0.20250549686392427,0
JL-15505,2019-11-14,STANDARD CLASS,OFFICE SUPPLIES,CENTRAL,CONSUMER,420.82,53.0896,-1.02801716585178,-0.32516776120130664,0
JL-15835,2019-09-19,STANDARD CLASS,OFFICE SUPPLIES,SOUTH,CONSUMER,1707.2712,108.4409,-1.2338294939043335,-0.3615054249126708,0
JL-15850,2019-07-22,SECOND CLASS,OFFICE SUPPLIES,CENTRAL,CONSUMER,372.5056000000001,34.2566,-0.46758168323892035,-0.1287864537904952,0
JM-15250,2021-03-29,STANDARD CLASS,OFFICE SUPPLIES,EAST,CONSUMER,1145.9552,28.152500000000003,-0.5331895086006315,-0.2949970694437912,0
JM-15265,2019-08-25,STANDARD CLASS,OFFICE SUPPLIES,WEST,CORPORATE,366.1,21.0414,-0.7565531232870368,-0.3261618924150451,1
JM-15535,2019-09-13,FIRST CLASS,TECHNOLOGY,EAST,CONSUMER,1926.2224500000002,130.1892,-0.596844644607105,0.012725867794838155,0
JM-15580,2021-04-14,FIRST CLASS,OFFICE SUPPLIES,EAST,CONSUMER,943.8072,82.6554,-0.8782248564246943,-0.1955938664447292,0
JM-15655,2021-10-29,STANDARD CLASS,OFFICE SUPPLIES,EAST,CORPORATE,434.80999999999995,20.6798,-0.7368734263829154,-0.32774662613927985,1
JM-15865,2020-11-29,SECOND CLASS,FURNITURE,WEST,CONSUMER,432.65,40.0266,-0.450355317899374,-0.103499082139958,0
JM-16195,2019-04-30,FIRST CLASS,OFFICE SUPPLIES,SOUTH,CONSUMER,2908.9612,154.87720000000002,-1.4639188518685384,-0.43691361172014204,0
JO-15145,2019-01-06,FIRST CLASS,OFFICE SUPPLIES,SOUTH,CORPORATE,3068.2056000000002,189.93880000000001,-1.1311718149758636,-0.14379501260576624,1
JO-15550,2020-03-18,STANDARD CLASS,TECHNOLOGY,WEST,HOME OFFICE,1328.5524,53.087399999999995,-0.48089060667163686,-0.18571837215280698,2
JP-15460,2019-08-24,FIRST CLASS,OFFICE SUPPLIES,EAST,CORPORATE,656.4704,76.7278,-1.8219332434287874,-0.6399490216055866,1
JP-15520,2019-11-09,SECOND CLASS,OFFICE SUPPLIES,WEST,CONSUMER,1253.4192,23.967599999999997,-0.5024100158324102,-0.3133376451145595,0
JP-16135,2019-09-23,STANDARD CLASS,OFFICE SUPPLIES,EAST,HOME OFFICE,644.3044,63.903,-1.5382810212386913,-0.5566954474143102,2
JR-16210,2021-02-08,STANDARD CLASS,TECHNOLOGY,WEST,CORPORATE,327.10679999999996,46.1406,-0.4805846613179602,-0.07670410982256039,1
JS-15595,2020-04-24,SECOND CLASS,OFFICE SUPPLIES,WEST,CORPORATE,33.4656,4.5318,-0.277551659358208,-0.1195981449188163,1
JS-15685,2022-06-19,STANDARD CLASS,OFFICE SUPPLIES,EAST,CORPORATE,258.6,6.465,-0.21306938960575267,-0.11112577977586682,1
JS-15880,2020-12-20,SECOND CLASS,TECHNOLOGY,WEST,CONSUMER,163.28,44.334399999999995,-0.5275074057332142,-0.08461988983559335,0
JS-15940,2019-05-03,FIRST CLASS,OFFICE SUPPLIES,CENTRAL,HOME OFFICE,240.51999999999998,18.0488,-0.5053845737018603,-0.19981811102404395,2
JS-16030,2019-02-27,FIRST CLASS,OFFICE SUPPLIES,EAST,CONSUMER,303.3768,18.7334,-0.7745181002169826,-0.33627684107526,0
JW-15220,2021-09-18,STANDARD CLASS,FURNITURE,WEST,CORPORATE,1520.4672,61.325199999999995,-0.42592298776005105,-0.1496157187415773,1
JW-15955,2022-04-21,FIRST CLASS,FURNITURE,WEST,CONSUMER,1134.6736,51.8136,-0.5364207481377227,-0.19130087718026872,0
JW-16075,2021-05-09,STANDARD CLASS,OFFICE SUPPLIES,EAST,CONSUMER,383.68000000000006,16.8752,-0.4643811475805677,-0.2049614835316818,0
KA-16525,2020-10-11,STANDARD CLASS,TECHNOLOGY,WEST,CONSUMER,393.82000000000005,20.951,-0.748613650165479,-0.3265580758461038,0
KB-16240,2020-11-06,SECOND CLASS,FURNITURE,WEST,CORPORATE,230.0928,25.461199999999998,-0.7955078674695168,-0.3067918533819352,1
KB-16315,2020-01-31,SECOND CLASS,OFFICE SUPPLIES,CENTRAL,CONSUMER,367.23480000000006,41.5413,-1.330501634979473,-0.5152379104317005,0
KB-16405,2020-11-19,STANDARD CLASS,FURNITURE,WEST,HOME OFFICE,92.34,12.6414,-0.5478258120551232,-0.2235163663902683,2
KB-16585,2019-04-04,STANDARD CLASS,OFFICE SUPPLIES,SOUTH,CORPORATE,2157.616,112.7976,-2.2533902616313166,-0.9002480481431737,1
KB-16600,2019-12-30,STANDARD CLASS,OFFICE SUPPLIES,CENTRAL,CORPORATE,565.2360000000001,38.206199999999995,-0.9866540002557158,-0.3903951558674427,1
KC-16255,2019-09-08,FIRST CLASS,TECHNOLOGY,SOUTH,CORPORATE,612.3199999999999,66.1376,-0.6860315838934588,-0.1285250866218121,1
KC-16540,2022-09-24,STANDARD CLASS,FURNITURE,EAST,CONSUMER,247.33440000000002,24.4758,-0.2162960464743754,-0.03219236672153496,0
KC-16675,2019-12-13,SECOND CLASS,OFFICE SUPPLIES,SOUTH,CORPORATE,683.9668,25.2583,-0.37837396946517704,-0.16822204414110672,1
KD-16270,2019-11-11,STANDARD CLASS,OFFICE SUPPLIES,CENTRAL,CONSUMER,569.9200000000001,63.6771,-0.9853124240615824,-0.27876740637460606,0
KD-16345,2019-09-02,FIRST CLASS,OFFICE SUPPLIES,EAST,CONSUMER,1874.734,129.2308,-0.8987285693528485,-0.13093340846466772,0
KD-16495,2020-11-07,SAME DAY,OFFICE SUPPLIES,EAST,CORPORATE,1228.5568,80.87140000000001,-1.3709413305458453,-0.48233041498537166,1
KD-16615,2020-09-12,FIRST CLASS,FURNITURE,WEST,CORPORATE,2293.6328,168.77980000000002,-0.7787489242138567,0.04239246006342493,1
KE-16420,2019-04-03,STANDARD CLASS,OFFICE SUPPLIES,WEST,CORPORATE,994.0640000000002,38.3023,-1.1509672343587067,-0.5294330225246104,1
KF-16285,2021-03-10,FIRST CLASS,OFFICE SUPPLIES,WEST,HOME OFFICE,261.22,29.5272,-1.0737292838243864,-0.42843139478512243,2
KH-16330,2019-05-05,STANDARD CLASS,OFFICE SUPPLIES,CENTRAL,CORPORATE,610.4776,83.8203,-1.547969584347938,-0.4694066835711136,1
KH-16360,2019-04-29,STANDARD CLASS,TECHNOLOGY,EAST,CONSUMER,185.644,25.9858,-1.0953755183350233,-0.44395179304564447,0
KH-16510,2019-10-05,FIRST CLASS,TECHNOLOGY,WEST,CONSUMER,467.26,60.5005,-1.0147159706221571,-0.2926890467186436,0
KH-16630,2019-11-01,STANDARD CLASS,OFFICE SUPPLIES,SOUTH,CORPORATE,1411.4036,94.0507,-1.8928444764423027,-0.7034894023096393,1
KH-16690,2020-05-22,STANDARD CLASS,OFFICE SUPPLIES,EAST,CORPORATE,735.8860000000001,34.7918,-0.9377769768720992,-0.40535896899804824,1
KL-16555,2021-11-06,FIRST CLASS,OFFICE SUPPLIES,SOUTH,CORPORATE,1036.7296000000001,84.9905,-0.27733678444044746,0.09355791095494467,1
KL-16645,2019-07-25,SECOND CLASS,FURNITURE,WEST,CONSUMER,2439.4,184.90959999999998,-1.5984090584459725,-0.3052948144311312,0
KM-16225,2021-11-10,STANDARD CLASS,FURNITURE,CENTRAL,CORPORATE,279.07,34.963499999999996,-0.7814799755875124,-0.26514745275196994,1
KM-16375,2019-07-20,STANDARD CLASS,OFFICE SUPPLIES,CENTRAL,HOME OFFICE,2746.486,99.0669,-0.6490441691845824,-0.26312851240394647,2
KM-16660,2019-12-22,STANDARD CLASS,OFFICE SUPPLIES,WEST,CONSUMER,1218.5416,51.173,-1.0866730831468805,-0.4730264065276314,0
KM-16720,2019-03-30,STANDARD CLASS,OFFICE SUPPLIES,EAST,CONSUMER,368.0116,34.0078,-1.0431423776985507,-0.4087948960992651,0
KN-16390,2019-12-02,STANDARD CLASS,TECHNOLOGY,EAST,CORPORATE,2007.2524,112.1878,-1.1479098447566898,-0.3450844105561027,1
KN-16450,2020-12-26,SECOND CLASS,TECHNOLOGY,WEST,CORPORATE,63.36,3.4848,-0.2689894015917903,-0.12418668532056888,1
KN-16705,2019-03-02,STANDARD CLASS,OFFICE SUPPLIES,EAST,HOME OFFICE,1402.5168,77.16760000000001,-0.7468427301692624,-0.2196444796412314,2
KS-16300,2020-03-14,STANDARD CLASS,TECHNOLOGY,WEST,CORPORATE,79.28960000000001,5.336399999999999,-0.5515636655913995,-0.2555309677606624,1
KT-16465,2019-09-26,SECOND CLASS,FURNITURE,WEST,CONSUMER,553.5796,73.417,-0.9899925888016801,-0.23608170947008839,0
KT-16480,2019-03-10,STANDARD CLASS,OFFICE SUPPLIES,WEST,CONSUMER,450.29760000000005,45.942,-0.7324375178721854,-0.21703351693473907,0
KW-16435,2021-10-29,FIRST CLASS,FURNITURE,CENTRAL,CONSUMER,364.4336,36.299099999999996,-0.4698936394812442,-0.11983507483101127,0
KW-16570,2019-09-30,STANDARD CLASS,OFFICE SUPPLIES,SOUTH,CONSUMER,1180.9568,73.8566,-0.8103012317858701,-0.23415513605976324,0
LA-16780,2019-04-29,STANDARD CLASS,OFFICE SUPPLIES,SOUTH,CORPORATE,1227.452,77.1753,-1.0841209950768107,-0.3590697646093017,1
LB-16735,2021-07-25,SECOND CLASS,OFFICE SUPPLIES,WEST,CONSUMER,235.76,20.092,-0.5067479175712186,-0.19086366427250537,0
LB-16795,2022-05-09,FIRST CLASS,OFFICE SUPPLIES,WEST,HOME OFFICE,591.68,46.225,-0.1176696887641761,0.06312480892870129,2
LC-16870,2021-02-28,STANDARD CLASS,OFFICE SUPPLIES,EAST,CONSUMER,756.7936,17.448,-0.644651920690908,-0.34191018379962745,0
LC-16885,2019-04-25,STANDARD CLASS,TECHNOLOGY,SOUTH,CONSUMER,2025.4376,126.0,-1.1427012983421818,-0.2845516142456088,0
LC-16930,2019-02-20,STANDARD CLASS,TECHNOLOGY,CENTRAL,CORPORATE,1006.1268000000001,94.25489999999999,-1.1475122460336444,-0.2842173914996804,1
LC-16960,2021-10-20,STANDARD CLASS,FURNITURE,SOUTH,HOME OFFICE,305.5,18.33,-0.19963644265766228,-0.05912670444941561,2
LC-17050,2019-01-31,FIRST CLASS,FURNITURE,WEST,CONSUMER,494.13219999999995,3.4196,-0.14560901546573113,-0.12447242823765989,0
LC-17140,2019-09-09,SECOND CLASS,FURNITURE,EAST,CONSUMER,217.49120000000005,35.7859,-1.0862539458820333,-0.40100226602442623,0
LD-17005,2019-09-29,SECOND CLASS,OFFICE SUPPLIES,EAST,CONSUMER,259.9844,45.150400000000005,-0.7869464116700811,-0.22050275149254936,0
LE-16810,2019-12-16,SECOND CLASS,TECHNOLOGY,SOUTH,CONSUMER,403.0856,15.5951,-0.7459598268554102,-0.3500306293683069,0
LF-17185,2020-03-04,SAME DAY,OFFICE SUPPLIES,EAST,CONSUMER,704.9799999999999,61.738800000000005,-0.6594922051256538,-0.1478030918932823,0
LH-16750,2022-04-25,STANDARD CLASS,OFFICE SUPPLIES,WEST,CONSUMER,1116.3072,17.6647,-0.25454442454585574,-0.20150145235003553,0
LH-16900,2019-11-07,STANDARD CLASS,OFFICE SUPPLIES,WEST,CONSUMER,2283.0640000000003,136.368,-0.7817760058706791,-0.09965420067537589,0
LH-17020,2021-11-04,FIRST CLASS,FURNITURE,WEST,CONSUMER,420.95799999999997,23.8987,-0.4537041028826805,-0.17418057282326793,0
LH-17155,2019-12-12,SECOND CLASS,OFFICE SUPPLIES,WEST,CONSUMER,1494.0009,140.4304,-1.8691872237993281,-0.5002275806561872,0
LL-16840,2019-04-29,STANDARD CLASS,FURNITURE,EAST,CONSUMER,340.54560000000004,48.636,-1.0510091009581721,-0.34468593076505577,0
LM-17065,2019-06-27,STANDARD CLASS,TECHNOLOGY,SOUTH,CONSUMER,1308.1572,78.2918,-0.7738689028951266,-0.21471760560145087,0
LO-17170,2020-02-06,FIRST CLASS,OFFICE SUPPLIES,SOUTH,CORPORATE,721.43,44.9894,-0.6547806491065474,-0.22120834366512065,1
LP-17080,2021-11-11,STANDARD CLASS,OFFICE SUPPLIES,WEST,CONSUMER,972.5888,55.1926,-0.5828445545234762,-0.17649220667642726,0
LP-17095,2021-06-06,STANDARD CLASS,FURNITURE,EAST,CONSUMER,1187.9416,41.023399999999995,-1.0954374365927562,-0.5175076382961397,0
LR-16915,2020-11-29,FIRST CLASS,FURNITURE,SOUTH,CONSUMER,970.6480000000001,61.2529,-0.583400432208697,-0.14993257783522268,0
LR-17035,2019-09-07,SECOND CLASS,OFFICE SUPPLIES,WEST,CORPORATE,533.952,38.047200000000004,-0.7084774940518371,-0.25163295223918636,1
LS-16945,2020-04-24,STANDARD CLASS,OFFICE SUPPLIES,WEST,CORPORATE,233.6352,19.894199999999998,-0.7944932646706062,-0.33118956533662164,1
LS-16975,2019-11-26,STANDARD CLASS,OFFICE SUPPLIES,WEST,HOME OFFICE,267.46000000000004,55.6952,-0.49766850566813836,-0.03483050130051141,2
LS-17200,2021-11-23,SAME DAY,OFFICE SUPPLIES,EAST,CORPORATE,1197.98,67.30199999999999,-0.5182887329421024,-0.12342203366689264,1
LS-17230,2019-01-06,SECOND CLASS,OFFICE SUPPLIES,WEST,CONSUMER,163.5584,28.578200000000002,-0.8145644360286433,-0.29313141361855144,0
LS-17245,2019-11-26,SAME DAY,OFFICE SUPPLIES,EAST,CONSUMER,1235.5952,82.985,-1.0817886459598025,-0.33360840532366465,0
LT-16765,2019-09-01,SECOND CLASS,OFFICE SUPPLIES,WEST,CONSUMER,662.7992,59.036,-0.6715734940089801,-0.15964827527232422,0
LT-17110,2019-06-01,STANDARD CLASS,FURNITURE,SOUTH,CONSUMER,933.9028000000001,68.4478,-0.8810616427733652,-0.25785952701009696,0
LW-16825,2019-05-30,FIRST CLASS,OFFICE SUPPLIES,EAST,CORPORATE,390.78880000000004,35.008399999999995,-1.036618605433603,-0.4044097064851356,1
LW-16990,2022-05-04,STANDARD CLASS,TECHNOLOGY,WEST,CORPORATE,1365.5232,74.0271,-0.4703015492083435,-0.09394887888577867,1
LW-17125,2019-09-11,STANDARD CLASS,FURNITURE,WEST,CONSUMER,404.57000000000005,26.8279,-0.4583979010614716,-0.16134317784254812,0
LW-17215,2022-04-11,STANDARD CLASS,TECHNOLOGY,WEST,CONSUMER,1274.25,48.8955,-0.20930695645986747,-0.06463059506345036,0
MA-17560,2019-08-08,STANDARD CLASS,FURNITURE,CENTRAL,HOME OFFICE,760.2048,74.97,-1.5050852019537775,-0.5081936550301689,2
MA-17995,2019-09-20,STANDARD CLASS,OFFICE SUPPLIES,WEST,HOME OFFICE,1263.1642000000002,101.28599999999999,-0.7867556530451357,-0.1139441426540017,2
MB-17305,2019-08-08,STANDARD CLASS,FURNITURE,WEST,CONSUMER,1630.9652,97.4717,-1.829958350117402,-0.6884966642825184,0
MB-18085,2019-01-05,STANDARD CLASS,OFFICE SUPPLIES,EAST,CONSUMER,151.68040000000002,16.5094,-1.1051032632596751,-0.4854826853695874,0
MC-17275,2020-03-12,FIRST CLASS,FURNITURE,WEST,CONSUMER,1558.7020000000002,86.4751,-0.9892454369413111,-0.3183128323951482,0
MC-17425,2020-11-27,STANDARD CLASS,OFFICE SUPPLIES,EAST,CORPORATE,1547.4520000000002,87.061,-0.4181940882546177,-0.03682702908405658,1
MC-17575,2020-07-08,SECOND CLASS,TECHNOLOGY,EAST,CONSUMER,1240.7892000000002,100.88850000000001,-1.080300997208238,-0.255145240965711,0
MC-17590,2021-07-17,STANDARD CLASS,OFFICE SUPPLIES,EAST,CORPORATE,680.18,115.78710000000001,-0.9537321099785026,-0.050392200705716615,1
MC-17605,2019-03-19,FIRST CLASS,TECHNOLOGY,SOUTH,CORPORATE,1958.7408,158.811,-0.8746676122594831,-0.0012964048429659203,1
MC-17635,2019-11-28,STANDARD CLASS,OFFICE SUPPLIES,CENTRAL,CORPORATE,687.4416,56.0376,-0.9516522658941049,-0.3122479740911188,1
MC-17845,2019-07-05,FIRST CLASS,OFFICE SUPPLIES,SOUTH,CONSUMER,1403.5312000000001,76.91590000000001,-0.45941542026158405,-0.08128853933221336,0
MC-18100,2019-06-18,STANDARD CLASS,TECHNOLOGY,WEST,CONSUMER,1733.3400000000001,16.2159,-0.36495264598837834,-0.34730993607183325,0
MC-18130,2019-09-19,STANDARD CLASS,OFFICE SUPPLIES,WEST,CORPORATE,604.96,37.0616,-0.6881396113889373,-0.25595240345214465,1
MD-17350,2019-12-28,STANDARD CLASS,OFFICE SUPPLIES,WEST,CONSUMER,653.1232,61.6802,-0.961481631492044,-0.2875189405945294,0
MD-17860,2022-05-28,STANDARD CLASS,FURNITURE,EAST,CORPORATE,107.6048,10.5912,-0.543453717202816,-0.23250149106235346,1
ME-17320,2021-04-04,FIRST CLASS,TECHNOLOGY,SOUTH,HOME OFFICE,916.23,76.7572,-1.1732601979569512,-0.36090211297794805,2
ME-17725,2019-07-12,SECOND CLASS,OFFICE SUPPLIES,CENTRAL,CONSUMER,1445.8132,92.7901,-1.0215786834537544,-0.2906369655020559,0
ME-18010,2019-07-21,STANDARD CLASS,FURNITURE,WEST,CORPORATE,1368.832,58.8652,-0.18221708464229208,-0.020937785852989277,1
MF-17665,2021-01-08,SECOND CLASS,FURNITURE,EAST,CORPORATE,342.00960000000003,22.548000000000002,-0.763453018066531,-0.31955912740140574,1
MF-18250,2019-09-15,STANDARD CLASS,FURNITURE,EAST,CORPORATE,653.9452,56.7842,-0.9612461968994783,-0.3089759547368223,1
MG-17650,2022-08-28,STANDARD CLASS,OFFICE SUPPLIES,CENTRAL,HOME OFFICE,458.0,26.564,-0.1559578838179228,-0.023040704766482664,2
MG-17680,2019-10-22,STANDARD CLASS,FURNITURE,EAST,HOME OFFICE,377.21600000000007,11.709999999999999,-0.46623254564181416,-0.22759828284699454,2
MG-17875,2020-09-21,SECOND CLASS,OFFICE SUPPLIES,SOUTH,HOME OFFICE,162.0,15.552,-0.24073725048390895,-0.07130145634632934,2
MG-17890,2020-07-15,STANDARD CLASS,OFFICE SUPPLIES,EAST,HOME OFFICE,735.4522,49.1404,-0.9379012244709495,-0.34247536746167084,2
MG-18145,2020-09-02,STANDARD CLASS,OFFICE SUPPLIES,EAST,CONSUMER,1109.8944000000001,44.3892,-0.5435179267947828,-0.22383875622398589,0
MH-17290,2019-04-26,STANDARD CLASS,OFFICE SUPPLIES,WEST,HOME OFFICE,486.1512,28.4664,-1.00930521396148,-0.4330804145159526,2
MH-17440,2019-02-04,SECOND CLASS,OFFICE SUPPLIES,WEST,CORPORATE,820.2819999999999,22.9676,-0.9136045463682392,-0.4571792358733137,1
MH-17455,2019-07-11,STANDARD CLASS,OFFICE SUPPLIES,EAST,CONSUMER,2499.5648,132.99419999999998,-1.0069033127505693,-0.2538991125474828,0
MH-17620,2020-12-04,STANDARD CLASS,FURNITURE,WEST,CORPORATE,237.52800000000002,25.8948,-0.506241532705457,-0.16543254465140705,1
MH-17785,2019-09-30,STANDARD CLASS,FURNITURE,EAST,CORPORATE,899.1968,74.06750000000001,-0.8910020235149521,-0.2332308541392956,1
MH-18025,2019-07-08,FIRST CLASS,FURNITURE,EAST,CONSUMER,446.38380000000006,30.2994,-0.7335584958629195,-0.2855881512121555,0
MH-18115,2022-01-21,STANDARD CLASS,OFFICE SUPPLIES,CENTRAL,HOME OFFICE,341.44,44.6064,-0.7636161610640071,-0.22288686417502634,2
MJ-17740,2021-04-23,FIRST CLASS,OFFICE SUPPLIES,EAST,CONSUMER,507.1716,82.8246,-1.2904213874211459,-0.3343113679601891,0
MK-17905,2019-11-18,STANDARD CLASS,FURNITURE,CENTRAL,CORPORATE,1457.1176,59.1277,-0.4440673761605361,-0.15924639451316402,1
MK-18160,2021-12-02,STANDARD CLASS,OFFICE SUPPLIES,WEST,CONSUMER,207.36,24.8832,-0.5148821541026849,-0.16986594242639555,0
ML-17395,2019-02-14,STANDARD CLASS,OFFICE SUPPLIES,WEST,CORPORATE,1828.0144,99.3428,-0.9121098467139573,-0.26191936407840344,1
ML-17410,2019-11-14,SECOND CLASS,OFFICE SUPPLIES,EAST,CONSUMER,563.73,60.3894,-0.9870853439253069,-0.29317594914331857,0
ML-17755,2021-08-04,STANDARD CLASS,OFFICE SUPPLIES,SOUTH,HOME OFFICE,389.08,60.4884,-0.46283449697247203,-0.013824014334245432,2
ML-18040,2022-03-26,STANDARD CLASS,FURNITURE,CENTRAL,CORPORATE,182.52,23.1192,-0.23485997817314533,-0.03813774772346195,1
ML-18265,2020-05-30,SAME DAY,OFFICE SUPPLIES,SOUTH,CONSUMER,168.61280000000002,16.2714,-0.5259800023326859,-0.2076076733068281,0
MM-17260,2019-05-28,STANDARD CLASS,OFFICE SUPPLIES,WEST,CONSUMER,936.1908000000001,86.7899,-0.8804063211823795,-0.17747417180189629,0
MM-17920,2019-08-27,SECOND CLASS,OFFICE SUPPLIES,SOUTH,CONSUMER,638.5440000000001,45.0816,-1.5399308964540384,-0.6391813636679359,0
MM-18055,2019-04-11,STANDARD CLASS,OFFICE SUPPLIES,WEST,CONSUMER,1088.1072,66.7114,-1.1240316839018059,-0.4049284350103512,0
MM-18280,2020-05-24,FIRST CLASS,TECHNOLOGY,CENTRAL,CORPORATE,976.0296000000001,114.08879999999999,-1.4432693578496791,-0.3367531638476675,1
MN-17935,2021-05-15,SECOND CLASS,OFFICE SUPPLIES,EAST,CONSUMER,817.7224,54.7344,-0.6272008900296968,-0.17850029570420478,0
MO-17500,2019-11-28,SECOND CLASS,OFFICE SUPPLIES,EAST,CONSUMER,362.2080000000001,25.4562,-0.47053108866520305,-0.16735473550165417,0
MO-17800,2020-09-16,SECOND CLASS,OFFICE SUPPLIES,WEST,HOME OFFICE,2654.6648,88.5632,-0.9624800702847096,-0.4486206393767752,2
MO-17950,2022-07-03,STANDARD CLASS,TECHNOLOGY,SOUTH,CONSUMER,38.400000000000006,-2.7,-0.2761383644025437,-0.15129194289149475,0
MP-17470,2019-06-04,STANDARD CLASS,OFFICE SUPPLIES,EAST,HOME OFFICE,1810.5852,80.4952,-0.9171018620433317,-0.3445201034060749,2
MP-17965,2020-04-17,SECOND CLASS,OFFICE SUPPLIES,CENTRAL,CORPORATE,1197.6047999999998,32.9242,-0.8055329652444669,-0.4135438381998755,1
MP-18175,2021-12-15,STANDARD CLASS,OFFICE SUPPLIES,WEST,HOME OFFICE,828.6599,73.9364,-0.9112049752331345,-0.23380540776553224,2
MR-17545,2019-10-07,STANDARD CLASS,FURNITURE,EAST,HOME OFFICE,1135.92,61.980000000000004,-0.5360637582640319,-0.14674601840244875,2
MS-17365,2019-09-09,STANDARD CLASS,OFFICE SUPPLIES,CENTRAL,CONSUMER,2467.6588,142.5296,-1.3031784952369603,-0.3515686798596045,0
MS-17530,2019-11-04,STANDARD CLASS,FURNITURE,WEST,CONSUMER,699.62,60.975,-0.6610273990625783,-0.1511504912809219,0
MS-17710,2019-03-24,SECOND CLASS,FURNITURE,WEST,CONSUMER,446.96759999999995,42.4281,-0.7333912857471776,-0.23243339479311387,0
MS-17770,2019-07-04,STANDARD CLASS,OFFICE SUPPLIES,SOUTH,CONSUMER,760.0099999999999,32.3195,-0.9308674584888212,-0.4161939722790921,0
MS-17830,2020-07-22,SECOND CLASS,OFFICE SUPPLIES,EAST,CONSUMER,344.9088,32.4504,-0.4754858698132714,-0.13670223380352814,0
MS-17980,2019-06-30,STANDARD CLASS,OFFICE SUPPLIES,CENTRAL,CORPORATE,1063.4272,75.262,-1.4182372187411414,-0.5069139474873687,1
MT-17815,2022-11-11,STANDARD CLASS,OFFICE SUPPLIES,EAST,CONSUMER,35.48,0.0,-0.2769747013980325,-0.13945903068067148,0
MT-18070,2019-09-25,STANDARD CLASS,OFFICE SUPPLIES,CENTRAL,HOME OFFICE,1629.1288,47.313100000000006,-0.3948004822569676,-0.2110245888116799,2
MV-17485,2019-01-20,STANDARD CLASS,OFFICE SUPPLIES,WEST,CONSUMER,625.2248000000001,37.468199999999996,-0.9694722013670249,-0.39362948520506774,0
MV-18190,2019-01-30,STANDARD CLASS,OFFICE SUPPLIES,CENTRAL,CONSUMER,810.496,47.3006,-1.4906809584238032,-0.6294564628546704,0
MW-18220,2020-07-04,STANDARD CLASS,OFFICE SUPPLIES,EAST,CONSUMER,418.1024,31.488799999999998,-1.0287955320911433,-0.4198345649359554,0
MY-17380,2021-05-30,STANDARD CLASS,FURNITURE,WEST,CORPORATE,1906.72,85.43260000000001,-0.31529370479733554,-0.04396358991520646,1
MY-18295,2019-04-28,STANDARD CLASS,OFFICE SUPPLIES,EAST,CORPORATE,1622.0848000000003,38.1587,-1.5453650769573137,-0.808980419513166,1
MZ-17335,2022-11-30,FIRST CLASS,FURNITURE,WEST,HOME OFFICE,77.49,9.5571,-0.26494233250060656,-0.0975744657584273,2
MZ-17515,2020-10-02,STANDARD CLASS,OFFICE SUPPLIES,EAST,CORPORATE,1166.7128,25.5914,-0.5272441836631117,-0.3062212440597688,1
NB-18580,2019-09-26,SECOND CLASS,OFFICE SUPPLIES,EAST,CORPORATE,865.1648,24.788800000000002,-0.32647582189374674,-0.17027965609776657,1
NB-18655,2020-02-10,SECOND CLASS,OFFICE SUPPLIES,EAST,CORPORATE,1918.0624000000003,90.3137,-0.599181819846844,-0.16203090659874847,1
NC-18340,2019-03-30,STANDARD CLASS,OFFICE SUPPLIES,CENTRAL,CONSUMER,390.014,24.3197,-1.3239772898809665,-0.5907126070724096,0
NC-18415,2019-05-03,STANDARD CLASS,OFFICE SUPPLIES,EAST,CONSUMER,621.648,73.9062,-0.9704966569031428,-0.23393776107989034,0
NC-18535,2019-07-23,STANDARD CLASS,OFFICE SUPPLIES,WEST,CORPORATE,418.5304,47.4814,-1.0286729457096127,-0.34974603463121,1
NC-18625,2019-10-29,STANDARD CLASS,OFFICE SUPPLIES,CENTRAL,CORPORATE,337.8528,66.7947,-1.0517803640614092,-0.26510433707517544,1
ND-18370,2019-11-01,STANDARD CLASS,TECHNOLOGY,WEST,CONSUMER,745.3112,104.8854,-0.9350774414440577,-0.09816955590895078,0
ND-18460,2019-02-06,FIRST CLASS,TECHNOLOGY,SOUTH,CORPORATE,1062.67,73.5163,-0.5570437873460707,-0.09618749057366331,1
NF-18385,2019-02-11,STANDARD CLASS,OFFICE SUPPLIES,SOUTH,CONSUMER,1153.1408000000001,53.745200000000004,-0.5311314321914589,-0.18283552413344414,0
NF-18475,2019-03-14,STANDARD CLASS,OFFICE SUPPLIES,SOUTH,HOME OFFICE,437.0688,31.8696,-0.16195293070832514,0.00021140598379289555,2
NF-18595,2019-04-19,SECOND CLASS,FURNITURE,WEST,HOME OFFICE,1225.988,83.7678,-1.0845403092416723,-0.3301777372945415,2
NG-18355,2020-09-14,SAME DAY,OFFICE SUPPLIES,SOUTH,CORPORATE,77.3852,13.1527,-0.5521091177058546,-0.22127556342234464,1
NG-18430,2020-11-04,STANDARD CLASS,OFFICE SUPPLIES,CENTRAL,CONSUMER,196.04520000000002,16.5318,-0.5181229026768481,-0.20646645466249536,0
NH-18610,2019-03-02,STANDARD CLASS,TECHNOLOGY,EAST,CORPORATE,1231.3752,89.9646,-1.0829973247683515,-0.3030198890026786,1
NK-18490,2021-07-18,STANDARD CLASS,OFFICE SUPPLIES,EAST,HOME OFFICE,566.7936,48.3232,-1.2733446462070939,-0.4855158262381515,2
NL-18310,2019-10-31,SECOND CLASS,TECHNOLOGY,WEST,HOME OFFICE,919.7016,69.8188,-0.8851291047392335,-0.2518510371430456,2
NM-18445,2019-02-08,FIRST CLASS,FURNITURE,WEST,HOME OFFICE,789.408,52.4563,-0.9224473780116367,-0.32794323649875645,2
NM-18520,2020-09-07,FIRST CLASS,OFFICE SUPPLIES,WEST,CONSUMER,251.03840000000002,28.8064,-0.7895086961774929,-0.292131313408733,0
NP-18325,2019-05-13,STANDARD CLASS,TECHNOLOGY,WEST,CONSUMER,1236.0244,127.03190000000001,-1.0816657158781369,-0.1405702198203638,0
NP-18670,2021-07-18,STANDARD CLASS,TECHNOLOGY,WEST,CONSUMER,913.0336,31.3459,-0.5999021630966727,-0.28100180209044195,0
NP-18685,2019-03-07,SECOND CLASS,OFFICE SUPPLIES,WEST,HOME OFFICE,422.4556,63.5021,-1.0275487025675947,-0.27953435438827057,2
NP-18700,2019-09-05,STANDARD CLASS,OFFICE SUPPLIES,EAST,CONSUMER,919.8944,69.1224,-0.5979371148574091,-0.11544402130075089,0
NR-18550,2022-06-03,STANDARD CLASS,OFFICE SUPPLIES,SOUTH,CONSUMER,37.3248,5.4432,-0.2764463197236223,-0.11560387966365172,0
NS-18505,2022-01-19,SECOND CLASS,OFFICE SUPPLIES,EAST,CONSUMER,1134.8096,47.7246,-0.536381795455741,-0.20922116533954888,0
NS-18640,2020-03-08,FIRST CLASS,TECHNOLOGY,CENTRAL,CORPORATE,3718.8876000000005,145.2343,-1.2319423409291392,-0.4791742002970857,1
NW-18400,2019-06-21,STANDARD CLASS,TECHNOLOGY,EAST,CONSUMER,1713.5212000000001,70.8906,-0.6577658515802928,-0.24715380925135652,0
NZ-18565,2020-08-20,FIRST CLASS,OFFICE SUPPLIES,WEST,HOME OFFICE,1543.2008,68.17240000000001,-0.9936852407202393,-0.3985255147362724,2
ON-18715,2019-09-13,STANDARD CLASS,OFFICE SUPPLIES,WEST,CORPORATE,939.6368,55.6552,-1.1665560976877707,-0.45338289574564916,1
OT-18730,2021-06-10,STANDARD CLASS,OFFICE SUPPLIES,WEST,CONSUMER,1046.5200000000002,11.6112,-0.27453264960461415,-0.2280312797827091,0
PA-19060,2019-05-17,STANDARD CLASS,OFFICE SUPPLIES,CENTRAL,HOME OFFICE,1468.6688,157.846,-0.7278956873865315,0.1339334553623558,2
PB-18805,2020-11-19,STANDARD CLASS,OFFICE SUPPLIES,WEST,HOME OFFICE,746.9824,40.496,-0.36032524426897056,-0.10144190843930598,2
PB-19105,2022-09-22,STANDARD CLASS,OFFICE SUPPLIES,SOUTH,CONSUMER,151.68240000000003,6.9681,-0.5308291529725568,-0.2483799444812549,0
PB-19150,2019-07-14,STANDARD CLASS,OFFICE SUPPLIES,WEST,CONSUMER,498.15200000000004,50.2004,-1.0058679834767328,-0.3378298537789032,0
PB-19210,2019-11-23,STANDARD CLASS,OFFICE SUPPLIES,EAST,CORPORATE,640.2492000000001,21.897000000000002,-0.3908954236548963,-0.1829531433315661,1
PC-18745,2021-11-10,FIRST CLASS,OFFICE SUPPLIES,WEST,CORPORATE,1185.42,52.4862,-0.23474935896304164,-0.048894136591078816,1
PC-19000,2020-07-31,STANDARD CLASS,OFFICE SUPPLIES,WEST,HOME OFFICE,26.88,3.36,-0.27943788569981454,-0.12473362881831361,2
PF-19120,2019-05-05,SECOND CLASS,OFFICE SUPPLIES,SOUTH,CONSUMER,123.62,12.5862,-0.5388666951993393,-0.22375828370657846,0
PF-19165,2020-08-26,STANDARD CLASS,OFFICE SUPPLIES,WEST,CONSUMER,778.91,74.2439,-0.6383174126337066,-0.09299873986085037,0
PF-19225,2021-06-26,STANDARD CLASS,TECHNOLOGY,SOUTH,CONSUMER,802.8567999999999,91.8548,-0.9185954160304963,-0.1552769432624152,0
PG-18820,2019-05-09,STANDARD CLASS,TECHNOLOGY,WEST,CONSUMER,1032.1692,75.9379,-2.0014635718813407,-0.7828698364919356,0
PG-18895,2019-05-11,STANDARD CLASS,TECHNOLOGY,CENTRAL,CONSUMER,2158.938,130.9133,-1.9658748499223326,-0.6813958738559796,0
PH-18790,2022-10-21,STANDARD CLASS,FURNITURE,SOUTH,HOME OFFICE,109.6704,5.1408,-0.2557253259767616,-0.11692916583126395,2
PJ-18835,2019-05-28,STANDARD CLASS,TECHNOLOGY,WEST,CORPORATE,644.2992,71.7982,-1.5382825106059437,-0.5220942590858316,1
PJ-19015,2021-07-20,SECOND CLASS,TECHNOLOGY,EAST,CONSUMER,473.5388,44.415,-0.4386440794948734,-0.08426665549329988,0
PK-18910,2019-04-04,STANDARD CLASS,OFFICE SUPPLIES,WEST,HOME OFFICE,113.39999999999999,9.072,-0.2546571059567702,-0.09970044565230524,2
PK-19075,2021-04-16,STANDARD CLASS,OFFICE SUPPLIES,SOUTH,CONSUMER,1813.1948,119.8068,-1.49062796626969,-0.451152716001862,0
PL-18925,2019-11-01,STANDARD CLASS,OFFICE SUPPLIES,WEST,HOME OFFICE,241.39,21.4861,-0.792272159830669,-0.3242129679483218,2
PM-18940,2019-05-04,STANDARD CLASS,OFFICE SUPPLIES,CENTRAL,CONSUMER,187.2,21.06,-0.23351954764612906,-0.047162315436249845,0
PM-19135,2021-10-08,STANDARD CLASS,OFFICE SUPPLIES,CENTRAL,HOME OFFICE,906.4336000000001,68.74180000000001,-0.6017925138399007,-0.11711202366646917,2
PN-18775,2020-08-06,STANDARD CLASS,OFFICE SUPPLIES,WEST,HOME OFFICE,1269.7772,75.237,-1.0719983476105568,-0.3675644808086494,2
PO-18850,2019-11-02,STANDARD CLASS,TECHNOLOGY,CENTRAL,CONSUMER,1008.1772000000001,92.7849,-1.1469249770694148,-0.290659754814462,0
PO-18865,2019-10-20,SECOND CLASS,OFFICE SUPPLIES,CENTRAL,CONSUMER,1877.8424,110.902,-1.1849750401629238,-0.3507195063045014,0
PO-19180,2020-08-10,STANDARD CLASS,OFFICE SUPPLIES,EAST,HOME OFFICE,638.988,62.4914,-1.5398037274040395,-0.5628818692205316,2
PO-19195,2019-01-04,STANDARD CLASS,OFFICE SUPPLIES,CENTRAL,HOME OFFICE,1364.7516,59.98030000000001,-0.47052254839523366,-0.15550982379059075,2
PP-18955,2019-08-26,STANDARD CLASS,OFFICE SUPPLIES,EAST,HOME OFFICE,684.9452,41.8556,-0.9523672767418919,-0.37440144111848767,2
PR-18880,2019-09-05,FIRST CLASS,FURNITURE,SOUTH,CONSUMER,1081.824,40.564099999999996,-0.8386945290825791,-0.38006151745933153,0
PS-18760,2019-06-15,SAME DAY,OFFICE SUPPLIES,CENTRAL,CONSUMER,142.8904,25.384,-0.5333473292959601,-0.16767115633929172,0
PS-18970,2019-04-15,SAME DAY,OFFICE SUPPLIES,WEST,HOME OFFICE,1676.4056,90.4072,-1.5298066883735646,-0.5799982292734621,2
PS-19045,2020-02-22,SECOND CLASS,OFFICE SUPPLIES,CENTRAL,HOME OFFICE,479.2,41.9102,-0.7241593855508104,-0.2347031226575529,2
PV-18985,2019-07-12,STANDARD CLASS,OFFICE SUPPLIES,CENTRAL,HOME OFFICE,539.5968,61.9186,-0.9939974973429542,-0.2864741382719145,2
PW-19030,2019-05-16,STANDARD CLASS,FURNITURE,WEST,CORPORATE,3570.031,220.3569,-1.274577368875261,-0.14994489257531035,1
PW-19240,2019-11-18,SECOND CLASS,OFFICE SUPPLIES,WEST,CONSUMER,147.7056,20.316,-0.5319681752203855,-0.18988197081501484,0
QJ-19255,2019-03-17,SECOND CLASS,OFFICE SUPPLIES,EAST,CORPORATE,1625.2028,79.2788,-0.6830617232591888,-0.21039201880438324,1
RA-19285,2020-08-12,SECOND CLASS,OFFICE SUPPLIES,CENTRAL,CONSUMER,442.3552000000001,12.703,-0.7347123544999149,-0.3627054313701299,0
RA-19885,2021-07-17,STANDARD CLASS,OFFICE SUPPLIES,WEST,CORPORATE,395.74,87.08699999999999,-0.7480637299492671,-0.03671308252202643,1
RA-19915,2019-09-30,STANDARD CLASS,OFFICE SUPPLIES,EAST,CONSUMER,956.748,106.4263,-1.448791931620986,-0.3703345304459761,0
RA-19945,2019-08-29,SECOND CLASS,OFFICE SUPPLIES,SOUTH,CONSUMER,88.4736,15.2658,-0.5489332138905196,-0.21201477572134808,0
RB-19330,2019-11-17,STANDARD CLASS,OFFICE SUPPLIES,EAST,CONSUMER,64.0768,1.8200000000000003,-0.5559208667711844,-0.2709418020192324,0
RB-19360,2021-04-01,SECOND CLASS,OFFICE SUPPLIES,EAST,CONSUMER,743.4148000000001,52.8758,-1.2227573709510584,-0.4655637832266722,0
RB-19435,2019-03-11,STANDARD CLASS,OFFICE SUPPLIES,WEST,CONSUMER,1019.1200000000001,59.475500000000004,-1.1437907755371426,-0.43664020147934984,0
RB-19465,2019-09-07,STANDARD CLASS,OFFICE SUPPLIES,CENTRAL,HOME OFFICE,2227.0084,104.9195,-1.3721048077366773,-0.5163972026523026,2
RB-19570,2021-09-03,STANDARD CLASS,FURNITURE,CENTRAL,CONSUMER,1013.3216,32.4046,-0.5711779971365427,-0.2763619857357758,0
RB-19645,2019-08-23,SECOND CLASS,OFFICE SUPPLIES,WEST,CORPORATE,334.35360000000003,47.551,-1.0527825936554553,-0.3494410084497755,1
RB-19705,2020-08-21,STANDARD CLASS,OFFICE SUPPLIES,EAST,HOME OFFICE,66.08,7.5992,-0.26821034795215687,-0.10615508013530543,2
RB-19795,2019-06-03,SECOND CLASS,OFFICE SUPPLIES,CENTRAL,HOME OFFICE,754.8684,59.1194,-0.9323400990011519,-0.2987418004424836,2
RC-19825,2019-12-05,STANDARD CLASS,OFFICE SUPPLIES,SOUTH,CONSUMER,1617.4768,50.5754,-0.6852745792958826,-0.33618639374962217,0
RC-19960,2019-12-06,SECOND CLASS,OFFICE SUPPLIES,WEST,CONSUMER,780.9996,96.943,-1.2119924535852888,-0.2724366317537863,0
RD-19480,2020-06-22,SECOND CLASS,TECHNOLOGY,WEST,CONSUMER,1261.0244,33.081900000000005,-0.7873685276694325,-0.4128527084755619,0
RD-19585,2019-04-02,STANDARD CLASS,OFFICE SUPPLIES,SOUTH,CONSUMER,774.27,93.5648,-1.501056692669891,-0.42670082689023675,0
RD-19660,2020-04-11,SECOND CLASS,OFFICE SUPPLIES,WEST,HOME OFFICE,188.3,5.7764,-0.5203412579157041,-0.25360264132630606,2
RD-19720,2019-07-20,FIRST CLASS,OFFICE SUPPLIES,WEST,CONSUMER,2123.3824,148.0914,-1.6889218016328136,-0.46665278789799564,0
RD-19810,2021-06-07,FIRST CLASS,OFFICE SUPPLIES,EAST,HOME OFFICE,1731.3864,70.3569,-0.9397857272619334,-0.38895181224570075,2
RD-19900,2019-04-05,SECOND CLASS,OFFICE SUPPLIES,CENTRAL,CONSUMER,853.2332,73.3925,-2.3398506134248263,-0.9334842355953588,0
RD-19930,2019-10-03,STANDARD CLASS,OFFICE SUPPLIES,CENTRAL,CONSUMER,48.2304,-3.768,-0.2733227728955393,-0.15597251705488707,0
RE-19405,2019-12-29,SECOND CLASS,OFFICE SUPPLIES,EAST,CONSUMER,193.44000000000003,6.045,-0.23173230694344069,-0.11296645500866156,0
RE-19450,2020-08-14,STANDARD CLASS,OFFICE SUPPLIES,WEST,CONSUMER,649.302,42.0387,-0.6754393185622374,-0.2341399636875193,0
RF-19345,2019-09-16,FIRST CLASS,OFFICE SUPPLIES,EAST,CORPORATE,929.1564000000001,89.988,-1.4566946288280849,-0.442376367777523,1
RF-19735,2019-08-06,SECOND CLASS,TECHNOLOGY,SOUTH,CONSUMER,1149.1524,73.8627,-0.8194105456007069,-0.23412840244328695,0
RF-19840,2019-11-12,SAME DAY,OFFICE SUPPLIES,CENTRAL,CONSUMER,2097.1423999999997,148.55689999999998,-1.1221638404674819,-0.18569464482030518,0
RH-19495,2019-08-23,SAME DAY,OFFICE SUPPLIES,EAST,CONSUMER,533.1840000000001,70.7056,-0.9958342308651016,-0.24796458286580184,0
RH-19510,2019-11-16,STANDARD CLASS,TECHNOLOGY,CENTRAL,HOME OFFICE,850.47,28.4919,-0.6178214279086459,-0.29350962855329,2
RH-19600,2020-11-07,SECOND CLASS,OFFICE SUPPLIES,SOUTH,CONSUMER,197.5,14.225,-0.5177062235463559,-0.21657614425061655,0
RK-19300,2020-07-19,SECOND CLASS,OFFICE SUPPLIES,CENTRAL,CONSUMER,161.26080000000002,15.994800000000001,-0.5280857384939303,-0.2088198894244258,0
RL-19615,2019-12-05,STANDARD CLASS,OFFICE SUPPLIES,WEST,CONSUMER,391.92,26.032799999999998,-0.4620210733193254,-0.16482775136063169,0
RM-19375,2019-05-11,STANDARD CLASS,TECHNOLOGY,CENTRAL,CONSUMER,607.9344,33.7879,-0.6872876933206559,-0.27029959037976403,0
RM-19675,2019-11-14,STANDARD CLASS,OFFICE SUPPLIES,EAST,HOME OFFICE,989.6220000000001,81.1416,-0.5779659602386955,-0.06276915521025933,2
RM-19750,2022-03-06,SECOND CLASS,OFFICE SUPPLIES,EAST,CONSUMER,26.38,12.1348,-0.27958109408945303,-0.08627754064515353,0
RO-19780,2020-05-11,STANDARD CLASS,OFFICE SUPPLIES,WEST,CONSUMER,1254.0903999999998,75.5532,-1.076491310343719,-0.3661787153119596,0
RP-19270,2019-10-19,SECOND CLASS,OFFICE SUPPLIES,WEST,CORPORATE,992.4735999999999,72.8288,-0.864285982877689,-0.23865953130801665,1
RP-19390,2019-11-03,STANDARD CLASS,OFFICE SUPPLIES,EAST,CONSUMER,1171.6724,94.17360000000001,-1.387233977184949,-0.4240327243147,0
RP-19855,2019-04-05,STANDARD CLASS,OFFICE SUPPLIES,SOUTH,CORPORATE,1450.0816,99.3028,-1.0203561420730884,-0.26209466648152674,1
RR-19525,2020-12-04,FIRST CLASS,FURNITURE,SOUTH,CORPORATE,1968.2016,84.414,-0.8719578803940994,-0.32734572697208447,1
RS-19420,2021-05-09,STANDARD CLASS,OFFICE SUPPLIES,WEST,CORPORATE,193.41,20.421,-0.5188776681735987,-0.18942180200681616,1
RS-19765,2020-07-04,STANDARD CLASS,OFFICE SUPPLIES,SOUTH,CORPORATE,1784.92,83.7889,-0.6373160372400515,-0.1906262345962225,1
RS-19870,2021-06-07,STANDARD CLASS,OFFICE SUPPLIES,EAST,HOME OFFICE,46.3104,3.4974,-0.2738726931117511,-0.12413146506358505,2
RW-19540,2020-02-03,FIRST CLASS,FURNITURE,WEST,CORPORATE,3385.1391999999996,180.6985,-0.7532599452924252,-0.044832151814602296,1
RW-19630,2019-12-31,STANDARD CLASS,OFFICE SUPPLIES,CENTRAL,CORPORATE,681.558,80.6815,-0.9533374276566589,-0.20424460178285664,1
SA-20830,2019-02-22,FIRST CLASS,OFFICE SUPPLIES,WEST,CONSUMER,848.4556,81.9462,-1.1926719233223808,-0.3381610087327769,0
SB-20170,2022-06-12,STANDARD CLASS,OFFICE SUPPLIES,EAST,CONSUMER,31.5072,4.2666,-0.27811257797874406,-0.12076039985152383,0
SB-20185,2020-05-21,STANDARD CLASS,OFFICE SUPPLIES,WEST,CONSUMER,1043.5124,70.58959999999999,-0.5625308454367474,-0.10901392915418796,0
SB-20290,2019-05-09,SAME DAY,OFFICE SUPPLIES,SOUTH,CORPORATE,748.7964,31.8798,-0.3598056842313621,-0.13920292258408212,1
SC-20020,2019-04-02,SECOND CLASS,OFFICE SUPPLIES,CENTRAL,CONSUMER,182.7248,20.5732,-0.8090748574703089,-0.3282138070436035,0
SC-20050,2020-05-30,STANDARD CLASS,FURNITURE,EAST,HOME OFFICE,309.7232,32.3266,-1.0598371534957591,-0.4161628561025377,2
SC-20095,2019-03-04,STANDARD CLASS,OFFICE SUPPLIES,SOUTH,CONSUMER,698.7136,39.598,-0.9484237759580948,-0.38429550875076723,0
SC-20230,2021-06-06,SECOND CLASS,OFFICE SUPPLIES,EAST,CORPORATE,849.76,69.92320000000001,-0.33088801509515275,0.027524563490449218,1
SC-20260,2019-04-06,STANDARD CLASS,TECHNOLOGY,WEST,CORPORATE,626.05,64.8242,-0.9692358502407654,-0.2737401717090374,1
SC-20305,2021-12-24,STANDARD CLASS,OFFICE SUPPLIES,WEST,CONSUMER,1898.3152,143.47400000000002,-0.8919745179973623,-0.06851172876052024,0
SC-20380,2020-07-10,SECOND CLASS,OFFICE SUPPLIES,WEST,CONSUMER,821.8848,80.9007,-0.913145477554414,-0.2032839446137409,0
SC-20440,2020-08-16,STANDARD CLASS,OFFICE SUPPLIES,EAST,CORPORATE,1057.1092,60.103899999999996,-0.8457732624990538,-0.2944271700456112,1
SC-20575,2022-06-24,STANDARD CLASS,OFFICE SUPPLIES,EAST,CONSUMER,804.79,74.1691,-0.3437681776592386,0.046132475325980554,0
SC-20680,2019-11-21,STANDARD CLASS,TECHNOLOGY,WEST,HOME OFFICE,768.4000000000001,99.5658,-1.215601190437467,-0.260942053180991,2
SC-20695,2019-12-16,STANDARD CLASS,OFFICE SUPPLIES,CENTRAL,CORPORATE,1424.9156,114.1484,-1.027564106740373,-0.19703293258634227,1
SC-20725,2019-11-07,STANDARD CLASS,OFFICE SUPPLIES,CENTRAL,CONSUMER,1339.8904,64.66029999999999,-1.051916750681754,-0.4139175039865067,0
SC-20770,2020-06-19,SECOND CLASS,TECHNOLOGY,WEST,CORPORATE,752.4156,104.7645,-0.9330426220773623,-0.09869940742239101,1
SC-20800,2020-12-10,SAME DAY,TECHNOLOGY,CENTRAL,CONSUMER,454.87440000000004,44.6154,-0.4439898768300107,-0.0833883904536521,0
SC-20845,2021-11-11,STANDARD CLASS,OFFICE SUPPLIES,CENTRAL,CONSUMER,636.768,21.9807,-0.39189249774691537,-0.18258632305303057,0
SD-20485,2019-01-26,STANDARD CLASS,OFFICE SUPPLIES,SOUTH,HOME OFFICE,819.9592,110.23670000000001,-1.7751073078849289,-0.49309425420512126,2
SE-20110,2019-09-22,STANDARD CLASS,OFFICE SUPPLIES,WEST,CONSUMER,1949.2296,130.91969999999998,-1.164528548257322,-0.2629907334294654,0
SF-20065,2020-08-12,SAME DAY,FURNITURE,WEST,CONSUMER,444.0004,38.5179,-1.5956514477949877,-0.6679471732524472,0
SF-20200,2020-03-04,STANDARD CLASS,OFFICE SUPPLIES,CENTRAL,CONSUMER,1380.8564000000001,72.12939999999999,-1.3273201696286732,-0.5206427551879707,0
SF-20965,2019-10-21,STANDARD CLASS,OFFICE SUPPLIES,WEST,CORPORATE,504.6844,36.9989,-0.7168602257810041,-0.2562271899690405,1
SG-20080,2020-10-30,SAME DAY,OFFICE SUPPLIES,WEST,CONSUMER,89.1,8.019,-0.26161703369320083,-0.10431528141452631,0
SG-20470,2019-07-26,STANDARD CLASS,FURNITURE,SOUTH,CONSUMER,947.979,43.3094,-1.1641667516316865,-0.5074891059576425,0
SG-20605,2019-12-19,STANDARD CLASS,TECHNOLOGY,CENTRAL,CONSUMER,1165.1324,61.907,-0.527696836741081,-0.14706594528814879,0
SG-20890,2019-03-30,FIRST CLASS,OFFICE SUPPLIES,EAST,CORPORATE,83.9368,9.5712,-0.5502326295347435,-0.23697170234199783,1
SH-19975,2019-12-10,STANDARD CLASS,FURNITURE,WEST,CORPORATE,2010.372,76.2072,-2.0084266451523964,-0.9211486437435794,1
SH-20395,2020-10-10,SECOND CLASS,TECHNOLOGY,EAST,CONSUMER,679.1404,66.9461,-1.2411666375890187,-0.4038998481600252,0
SJ-20125,2021-09-17,STANDARD CLASS,FURNITURE,WEST,HOME OFFICE,1632.8008,88.7256,-0.968022297297022,-0.30844988093942305,2
SJ-20215,2020-02-09,STANDARD CLASS,FURNITURE,WEST,CONSUMER,1909.7152,46.829299999999996,-0.31443582926004515,-0.2131448713774563,0
SJ-20500,2019-08-31,STANDARD CLASS,TECHNOLOGY,WEST,CONSUMER,832.68,18.504,-0.04864324495842388,-0.058364138995829214,0
SK-19990,2022-04-23,STANDARD CLASS,OFFICE SUPPLIES,EAST,CONSUMER,243.88,35.3626,-0.21728544459670981,0.015519688336535772,0
SL-20155,2019-09-21,STANDARD CLASS,OFFICE SUPPLIES,EAST,HOME OFFICE,198.09,17.1678,-0.23040046891980273,-0.06422011577216331,2
SM-20005,2019-11-23,STANDARD CLASS,OFFICE SUPPLIES,WEST,CONSUMER,259.8628,26.1677,-0.7869812399504412,-0.3036955746867698,0
SM-20320,2020-12-24,STANDARD CLASS,OFFICE SUPPLIES,WEST,HOME OFFICE,19.92,4.8804,-0.2814313464835823,-0.11807038447559669,2
SM-20905,2021-05-03,FIRST CLASS,TECHNOLOGY,EAST,CONSUMER,530.08,34.7865,-0.13531296236763807,0.012994895475552312,0
SM-20950,2019-11-01,STANDARD CLASS,OFFICE SUPPLIES,CENTRAL,CORPORATE,1629.3118,134.6966,-1.256158374166699,-0.2464382422705548,1
SN-20560,2020-06-17,STANDARD CLASS,FURNITURE,WEST,HOME OFFICE,1364.47,98.613,-1.0448767408138375,-0.2651177564233882,2
SN-20710,2020-11-26,STANDARD CLASS,OFFICE SUPPLIES,WEST,HOME OFFICE,1929.1976000000002,116.2518,-0.3088557429994593,0.09110340564323983,2
SO-20335,2020-10-10,STANDARD CLASS,OFFICE SUPPLIES,SOUTH,CONSUMER,477.956,43.9782,-1.2987892254777904,-0.5045580497774208,0
SP-20545,2021-03-14,STANDARD CLASS,FURNITURE,CENTRAL,CORPORATE,181.448,19.9584,-0.5223037856873101,-0.1914491742989372,1
SP-20620,2019-09-08,STANDARD CLASS,OFFICE SUPPLIES,EAST,CORPORATE,1432.9424,76.1937,-1.0252650965364725,-0.36337168558194766,1
SP-20650,2019-04-16,STANDARD CLASS,OFFICE SUPPLIES,SOUTH,CORPORATE,1814.8836000000001,119.1891,-1.2030074968860673,-0.3144007926814223,1
SP-20860,2019-12-28,FIRST CLASS,OFFICE SUPPLIES,EAST,CORPORATE,596.4896000000001,23.320999999999998,-0.6905656760761251,-0.31617140846104774,1
SP-20920,2019-11-22,STANDARD CLASS,OFFICE SUPPLIES,WEST,CONSUMER,820.764,73.659,-0.6263297247538478,-0.09556209925052092,0
SR-20425,2022-11-08,SECOND CLASS,OFFICE SUPPLIES,EAST,HOME OFFICE,833.4200000000001,68.46000000000001,-0.33556806526853866,0.02111200158419861,2
SR-20740,2019-02-20,STANDARD CLASS,OFFICE SUPPLIES,WEST,HOME OFFICE,368.74280000000005,49.2794,-1.330069718476323,-0.48132522229148883,2
SS-20140,2020-09-26,SECOND CLASS,OFFICE SUPPLIES,WEST,CORPORATE,1181.7372,67.5685,-1.6714880183116616,-0.6800902041287695,1
SS-20410,2019-09-07,STANDARD CLASS,OFFICE SUPPLIES,CENTRAL,CONSUMER,139.76999999999998,14.0217,-0.8213778329407957,-0.35692614939516226,0
SS-20515,2019-07-14,STANDARD CLASS,OFFICE SUPPLIES,EAST,HOME OFFICE,246.21,31.9977,-0.790891630954554,-0.27814524943154767,2
SS-20590,2019-08-05,STANDARD CLASS,OFFICE SUPPLIES,WEST,CONSUMER,388.91,42.7434,-1.0371567252785086,-0.3705106042811659,0
SS-20875,2019-12-14,STANDARD CLASS,TECHNOLOGY,EAST,CONSUMER,302.848,50.9155,-0.4875327886830846,-0.05577782370572328,0
ST-20530,2019-02-14,SECOND CLASS,OFFICE SUPPLIES,CENTRAL,CONSUMER,836.8228,99.9102,-1.483140521159134,-0.39889173017077084,0
SU-20665,2021-07-01,SAME DAY,TECHNOLOGY,EAST,HOME OFFICE,1084.7184,31.1663,-1.1250022930834196,-0.5607069712418086,2
SV-20365,2019-04-20,SECOND CLASS,OFFICE SUPPLIES,CENTRAL,CONSUMER,405.65920000000006,23.8834,-0.7452227046322628,-0.3137066566731341,0
SV-20785,2019-04-12,STANDARD CLASS,OFFICE SUPPLIES,CENTRAL,CONSUMER,816.6756,64.7406,-0.9146374798410236,-0.2741065537315651,0
SV-20815,2020-05-03,STANDARD CLASS,OFFICE SUPPLIES,CENTRAL,CORPORATE,929.6764,50.7056,-0.5951353859225217,-0.19615675374678437,1
SV-20935,2021-03-19,SECOND CLASS,FURNITURE,EAST,CONSUMER,1599.9092,86.2298,-0.690306234707509,-0.1799288437016304,0
SW-20245,2020-11-01,STANDARD CLASS,FURNITURE,EAST,CONSUMER,1165.2151999999999,23.3262,-0.5276731214317569,-0.3161486191486418,0
SW-20275,2019-03-10,STANDARD CLASS,OFFICE SUPPLIES,CENTRAL,CONSUMER,1125.98,86.6866,-0.8260475097768248,-0.1779268902579622,0
SW-20350,2021-04-17,STANDARD CLASS,OFFICE SUPPLIES,CENTRAL,HOME OFFICE,145.25,9.0055,-0.24553473153679836,-0.09999188589749773,2
SW-20455,2020-09-05,SECOND CLASS,FURNITURE,SOUTH,CONSUMER,358.46000000000004,73.1986,-0.7587413474807129,-0.09757982991047018,0
SW-20755,2019-11-02,SECOND CLASS,TECHNOLOGY,WEST,CORPORATE,376.9,25.5634,-0.46632305334406565,-0.1668849250612837,1
SZ-20035,2019-09-07,FIRST CLASS,TECHNOLOGY,CENTRAL,HOME OFFICE,1740.7724,109.807,-1.5113709568251992,-0.4949774402706734,2
TA-21385,2022-04-04,FIRST CLASS,OFFICE SUPPLIES,EAST,HOME OFFICE,28.16,2.0416,-0.27907127222234,-0.13051159602525783,2
TB-21055,2021-06-17,FIRST CLASS,OFFICE SUPPLIES,EAST,CONSUMER,2072.5544,97.08019999999999,-0.5549327187827848,-0.1323763138304019,0
TB-21175,2019-12-08,STANDARD CLASS,OFFICE SUPPLIES,CENTRAL,CORPORATE,131.1104,10.706,-0.5367213189558429,-0.23199837316538957,1
TB-21190,2022-11-10,SAME DAY,OFFICE SUPPLIES,WEST,HOME OFFICE,163.08,13.9788,-0.5275646890890695,-0.21765513054184055,2
TB-21250,2021-10-07,STANDARD CLASS,OFFICE SUPPLIES,WEST,CONSUMER,73.1424,11.7144,-0.553324326816971,-0.227578999582651,0
TB-21280,2019-06-21,FIRST CLASS,OFFICE SUPPLIES,EAST,CONSUMER,570.4728,45.6794,-0.6980173241392184,-0.21818437721124362,0
TB-21355,2021-01-24,FIRST CLASS,OFFICE SUPPLIES,EAST,CORPORATE,759.8848,85.2028,-1.2180400865963665,-0.3238887635824928,1
TB-21400,2019-01-21,SECOND CLASS,FURNITURE,SOUTH,CONSUMER,706.1616,57.346500000000006,-1.2334273125128195,-0.44597067188558787,0
TB-21520,2019-12-26,STANDARD CLASS,OFFICE SUPPLIES,EAST,CONSUMER,2355.6156,106.1353,-1.335269547720847,-0.5110688861093696,0
TB-21595,2019-11-07,SECOND CLASS,OFFICE SUPPLIES,WEST,CONSUMER,103.68000000000002,9.072,-0.25744107705134245,-0.09970044565230524,0
TB-21625,2020-05-27,STANDARD CLASS,OFFICE SUPPLIES,EAST,CONSUMER,942.24,72.7233,-1.1658104975279568,-0.37858092207692584,0
TC-20980,2019-11-07,FIRST CLASS,OFFICE SUPPLIES,CENTRAL,CORPORATE,485.4448,55.8106,-0.4352340013208017,-0.034324753867500675,1
TC-21295,2019-10-14,FIRST CLASS,OFFICE SUPPLIES,EAST,CONSUMER,1080.63,72.7028,-0.5518997419902562,-0.0997527031971836,0
TC-21475,2020-11-18,SECOND CLASS,FURNITURE,WEST,HOME OFFICE,849.5872,55.1064,-0.9052110453681714,-0.31632901403582947,2
TC-21535,2019-11-03,SAME DAY,OFFICE SUPPLIES,WEST,HOME OFFICE,621.7536,53.1432,-1.257603180018031,-0.46439188666179293,2
TD-20995,2019-05-19,FIRST CLASS,OFFICE SUPPLIES,SOUTH,CONSUMER,761.3256,40.0245,-1.504764186027564,-0.6613444082388079,0
TG-21310,2021-11-15,SECOND CLASS,OFFICE SUPPLIES,WEST,CONSUMER,627.3815999999999,49.212,-0.39458092020392077,-0.06324351479873716,0
TG-21640,2022-09-07,SAME DAY,FURNITURE,CENTRAL,CONSUMER,676.5,37.884,-0.09337581754590263,0.026569875317413488,0
TH-21100,2021-05-09,SECOND CLASS,OFFICE SUPPLIES,SOUTH,CONSUMER,580.8824,19.2423,-0.40789907130687697,-0.19458752557085224,0
TH-21115,2019-09-23,STANDARD CLASS,OFFICE SUPPLIES,EAST,CORPORATE,70.4,11.669599999999999,-0.5541097961924601,-0.2277753382741491,1
TH-21235,2021-05-14,SAME DAY,TECHNOLOGY,WEST,CORPORATE,1622.3712,93.50269999999999,-0.6838727410113895,-0.14805492250974275,1
TH-21550,2019-04-05,FIRST CLASS,OFFICE SUPPLIES,EAST,HOME OFFICE,1324.7176,114.27900000000001,-0.769125726463588,-0.057001539559473145,2
TM-21010,2019-04-30,SECOND CLASS,TECHNOLOGY,SOUTH,CONSUMER,690.9399999999999,79.6926,-0.9506502654334823,-0.20857851544407263,0
TM-21490,2022-08-22,FIRST CLASS,FURNITURE,WEST,CONSUMER,168.0064,2.6251,-0.2390169167408597,-0.12795437221969658,0
TN-21040,2019-10-10,SAME DAY,FURNITURE,WEST,HOME OFFICE,1194.9848000000002,65.2762,-0.8062833772061726,-0.27175925455374406,2
TP-21130,2020-04-13,STANDARD CLASS,OFFICE SUPPLIES,WEST,CONSUMER,209.3152,35.0254,-0.8014589207426223,-0.26487617228313665,0
TP-21415,2022-09-17,SAME DAY,OFFICE SUPPLIES,WEST,CONSUMER,25.92,6.3504,-0.27971284580792044,-0.1116280211608151,0
TP-21565,2020-02-29,FIRST CLASS,TECHNOLOGY,CENTRAL,CORPORATE,306.68800000000005,34.742,-0.19929617952388123,0.012799871552077634,1
TR-21325,2019-12-01,STANDARD CLASS,FURNITURE,WEST,CONSUMER,255.05480000000003,48.6254,-0.788358331825205,-0.20527335522121198,0
TS-21160,2020-04-15,STANDARD CLASS,OFFICE SUPPLIES,EAST,CORPORATE,265.8384,26.9124,-1.0724064965709734,-0.4398909128772931,1
TS-21205,2019-06-09,SECOND CLASS,FURNITURE,WEST,CORPORATE,337.42,51.854200000000006,-0.47763078778992085,-0.051663914560427064,1
TS-21340,2020-11-23,STANDARD CLASS,OFFICE SUPPLIES,WEST,CONSUMER,584.9088,29.7024,-0.11960907406001638,-0.009286478217427918,0
TS-21370,2022-10-05,STANDARD CLASS,TECHNOLOGY,EAST,CORPORATE,351.2,43.9,-0.1865471958447043,0.052935356747159,1
TS-21430,2021-11-13,STANDARD CLASS,FURNITURE,CENTRAL,CORPORATE,466.8096,18.4512,-0.4405714352859841,-0.19805456884862346,1
TS-21505,2019-12-20,STANDARD CLASS,OFFICE SUPPLIES,SOUTH,CONSUMER,332.16240000000005,46.825199999999995,-1.053410190102207,-0.35262187055444794,0
TS-21610,2021-09-09,FIRST CLASS,OFFICE SUPPLIES,EAST,CONSUMER,23.398400000000002,5.484,-0.28043507435854526,-0.11542507121246597,0
TS-21655,2020-02-06,STANDARD CLASS,TECHNOLOGY,CENTRAL,CONSUMER,777.2148,61.8642,-0.6388029463579369,-0.14725351885949073,0
TT-21070,2019-05-18,SECOND CLASS,OFFICE SUPPLIES,EAST,CONSUMER,790.3232,62.3416,-0.6350484806484626,-0.14516128467821407,0
TT-21220,2019-09-23,FIRST CLASS,OFFICE SUPPLIES,EAST,CONSUMER,1572.3196,139.8169,-0.9853451278078289,-0.08453918922207648,0
TT-21265,2021-10-02,STANDARD CLASS,OFFICE SUPPLIES,EAST,CORPORATE,349.2,32.5272,-0.47425679813003796,-0.1363656531895314,1
TT-21460,2021-04-22,STANDARD CLASS,OFFICE SUPPLIES,CENTRAL,HOME OFFICE,174.09120000000001,12.1972,-0.8115476653758746,-0.36492213025762416,2
TW-21025,2020-09-04,STANDARD CLASS,FURNITURE,SOUTH,HOME OFFICE,939.3471999999998,46.233,-0.5923655065334898,-0.215758191952017,2
TZ-21580,2019-11-11,SECOND CLASS,TECHNOLOGY,WEST,CONSUMER,980.4744000000001,62.2514,-0.29344921764202986,-0.0060975609165856565,0
VB-21745,2021-11-27,FIRST CLASS,OFFICE SUPPLIES,CENTRAL,CORPORATE,944.7768,39.6768,-0.3036736092619478,-0.10503210165527133,1
VD-21670,2020-10-31,STANDARD CLASS,TECHNOLOGY,EAST,CONSUMER,2397.0652,75.6721,-0.17485061187940876,-0.08673956755733261,0
VF-21715,2019-07-25,SECOND CLASS,OFFICE SUPPLIES,WEST,HOME OFFICE,229.44,23.9376,-0.7956948403430288,-0.313469121916902,2
VG-21790,2019-11-24,FIRST CLASS,FURNITURE,WEST,CONSUMER,2731.1600000000003,147.003,-0.6534337927437814,-0.05304567424496642,0
VG-21805,2021-03-24,FIRST CLASS,OFFICE SUPPLIES,CENTRAL,CORPORATE,169.9144,28.909399999999998,-1.0998807397063384,-0.4311389404013619,1
VM-21685,2019-04-07,SAME DAY,TECHNOLOGY,SOUTH,HOME OFFICE,1013.1012,82.6737,-0.8583778921214752,-0.19551366559530028,2
VM-21835,2019-03-22,SAME DAY,OFFICE SUPPLIES,CENTRAL,CONSUMER,121.48,13.4774,-0.5394796271069919,-0.21985254616499117,0
VP-21730,2020-07-04,STANDARD CLASS,OFFICE SUPPLIES,CENTRAL,HOME OFFICE,611.1408,36.181,-0.686369326559582,-0.2598116858569043,2
VP-21760,2019-09-06,FIRST CLASS,OFFICE SUPPLIES,WEST,CORPORATE,2085.4328,115.3943,-1.1255176663861035,-0.33103173166573047,1
VS-21820,2021-01-07,STANDARD CLASS,OFFICE SUPPLIES,SOUTH,CONSUMER,114.27840000000002,5.952,-0.2544055174578533,-0.11337403309592324,0
VT-21700,2019-06-06,STANDARD CLASS,OFFICE SUPPLIES,CENTRAL,HOME OFFICE,801.9200000000001,33.831,-0.05745342508898375,0.008807359320944322,2
VW-21775,2020-09-07,STANDARD CLASS,FURNITURE,SOUTH,CORPORATE,1010.3216,37.4499,-0.5720372474743738,-0.2542506553738252,1
WB-21850,2019-12-12,STANDARD CLASS,FURNITURE,WEST,CONSUMER,1539.4048000000003,111.9042,-1.5690460162679345,-0.4857863352749184,0
XP-21865,2019-01-20,STANDARD CLASS,FURNITURE,CENTRAL,CONSUMER,2506.5144,148.5472,-2.153459905608425,-0.7435732783757485,0
YC-21895,2019-11-17,STANDARD CLASS,FURNITURE,EAST,CORPORATE,979.0644000000001,59.0724,-0.5809898340275902,-0.159488750085482,1
YS-21880,2020-07-24,STANDARD CLASS,OFFICE SUPPLIES,SOUTH,CORPORATE,1456.4848,70.7464,-0.7313853894252422,-0.24778577441461608,1
ZC-21910,2022-05-11,SECOND CLASS,OFFICE SUPPLIES,EAST,CONSUMER,162.32,20.224,-0.5277823658413201,-0.19028516634219847,0
ZD-21925,2021-05-05,STANDARD CLASS,FURNITURE,SOUTH,CONSUMER,251.2,19.9328,-0.502325642499182,-0.19156136783693611,0
